address_hash,address_is_contract,address_is_verified,address_name,certified,compiler_version,has_constructor_args,language,verified_at,_request_timestamp
0x6D0e081Acc28eA9ee6b7fD293eC03F97147b026d,True,True,TrenchTokensBuyer,False,v0.8.25+commit.b61c2a91,True,solidity,2024-12-03T16:46:52.660378Z,2024-12-03T18:43:08.942090Z
0x41Bdb4aa4A63a5b2Efc531858d3118392B1A1C3d,True,True,LzExecutor,False,v0.8.22+commit.4fc1097e,False,solidity,2024-12-03T02:38:33.996776Z,2024-12-03T18:43:08.942110Z
0x7cacBe439EaD55fa1c22790330b12835c6884a91,True,True,ReceiveUln301View,False,v0.8.22+commit.4fc1097e,False,solidity,2024-12-03T02:37:14.591493Z,2024-12-03T18:43:08.942117Z
0xfd76d9CB0Bac839725aB79127E7411fe71b1e3CA,True,True,ReceiveUln301,False,v0.8.22+commit.4fc1097e,True,solidity,2024-12-03T02:37:11.678373Z,2024-12-03T18:43:08.942124Z
0x15e51701F245F6D5bd0FEE87bCAf55B0841451B3,True,True,SendUln301,False,v0.8.22+commit.4fc1097e,True,solidity,2024-12-03T02:36:05.689217Z,2024-12-03T18:43:08.942129Z
0x37aaaf95887624a363effB7762D489E3C05c2a02,True,True,TreasuryFeeHandler,False,v0.8.22+commit.4fc1097e,True,solidity,2024-12-03T02:36:04.053197Z,2024-12-03T18:43:08.942135Z
0x8bC1e36F015b9902B54b1387A4d733cebc2f5A4e,True,True,OptimizedTransparentUpgradeableProxy,False,v0.8.10+commit.fc410830,True,solidity,2024-12-03T02:35:53.490284Z,2024-12-03T18:43:08.942141Z
0x377530cdA84DFb2673bF4d145DCF0C4D7fdcB5b6,True,True,ReceiveUln302View,False,v0.8.22+commit.4fc1097e,False,solidity,2024-12-03T02:35:53.199639Z,2024-12-03T18:43:08.942148Z
0x2367325334447C5E1E0f1b3a6fB947b262F58312,True,True,ReceiveUln302,False,v0.8.22+commit.4fc1097e,True,solidity,2024-12-03T02:35:50.862791Z,2024-12-03T18:43:08.942153Z
0xe1844c5D63a9543023008D332Bd3d2e6f1FE1043,True,True,SendUln302,False,v0.8.22+commit.4fc1097e,True,solidity,2024-12-03T02:35:50.333884Z,2024-12-03T18:43:08.942160Z
0xC39161c743D0307EB9BCc9FEF03eeb9Dc4802de7,True,True,Treasury,False,v0.8.22+commit.4fc1097e,False,solidity,2024-12-03T02:35:48.667721Z,2024-12-03T18:43:08.942165Z
0x4514FC667a944752ee8A29F544c1B20b1A315f25,True,True,OptimizedTransparentUpgradeableProxy,False,v0.8.10+commit.fc410830,True,solidity,2024-12-03T02:34:42.179000Z,2024-12-03T18:43:08.942171Z
0xAaB5A48CFC03Efa9cC34A2C1aAcCCB84b4b770e4,True,True,EndpointV2View,False,v0.8.22+commit.4fc1097e,False,solidity,2024-12-03T02:34:41.310562Z,2024-12-03T18:43:08.942177Z
0x38dE71124f7a447a01D67945a51eDcE9FF491251,True,True,UltraLightNodeV2,False,v0.7.6+commit.7338295f,True,solidity,2024-12-03T02:31:13.490528Z,2024-12-03T18:43:08.942182Z
0x2D61DCDD36F10b22176E0433B86F74567d529aAa,True,True,MPTValidator01,False,v0.7.6+commit.7338295f,True,solidity,2024-12-03T02:30:05.029268Z,2024-12-03T18:43:08.942187Z
0xb6319cC6c8c27A8F5dAF0dD3DF91EA35C4720dd7,True,True,Endpoint,False,v0.7.6+commit.7338295f,True,solidity,2024-12-03T02:30:04.413739Z,2024-12-03T18:43:08.942195Z
0xC1b15d3B262bEeC0e3565C11C9e0F6134BdaCB36,True,True,FPValidator,False,v0.7.6+commit.7338295f,True,solidity,2024-12-03T02:30:04.212397Z,2024-12-03T18:43:08.942200Z
0x3c2269811836af69497E5F486A85D7316753cf62,True,True,OptimizedTransparentUpgradeableProxy,False,v0.8.10+commit.fc410830,True,solidity,2024-12-03T02:29:51.058918Z,2024-12-03T18:43:08.942206Z
0xcd565435e0d2109feFde337a66491541Df0D1420,True,True,EIP173Proxy,False,v0.8.20+commit.a1b79de6,False,solidity,2024-12-02T22:18:04.725191Z,2024-12-03T18:43:08.942212Z
0xBbB968172a6cA191EDBae510CE45521eeE81A102,True,True,GnosisSafeProxy,False,v0.7.6+commit.7338295f,False,solidity,2024-11-30T13:07:23.740375Z,2024-12-03T18:43:08.942218Z
0x8A1E1B2d5909c8A51cF9f55902f8E8793029F4E6,True,True,FlowPunks,False,v0.8.20+commit.a1b79de6,False,solidity,2024-11-29T13:00:06.835003Z,2024-12-03T18:43:08.942224Z
0xB0cF748a05AEA8D59e15834446CFC95bcFF510F0,True,True,SchemaRegistry,False,v0.8.26+commit.8a97fa7a,False,solidity,2024-11-29T10:43:47.248317Z,2024-12-03T18:43:08.942229Z
0xc6376222F6E009A705a34dbF1dF72fEf8efB3964,True,True,EAS,False,v0.8.26+commit.8a97fa7a,True,solidity,2024-11-29T10:40:22.271170Z,2024-12-03T18:43:08.942235Z
0x69fFaf2cdBaD7702Df1801289873A2278d9d96d7,True,True,TrenchesTokenFactory,False,v0.8.25+commit.b61c2a91,True,solidity,2024-11-28T04:49:11.794493Z,2024-12-03T18:43:08.942240Z
0x5bc3149D3607655C09CD2DB0F7a2404F68e851E3,True,True,TrenchesToken,False,v0.8.25+commit.b61c2a91,False,solidity,2024-11-28T04:46:02.160964Z,2024-12-03T18:43:08.942246Z
0x0bE6c0D061fE70c123AC9083851D80Fa39271379,True,True,UnifiedMultiSender,False,v0.8.26+commit.8a97fa7a,False,solidity,2024-11-27T09:02:56.477667Z,2024-12-03T18:43:08.942251Z
0xA0197b2044D28b08Be34d98b23c9312158Ea9A18,True,True,TransparentUpgradeableProxy,False,v0.8.19+commit.7dd6d404,True,solidity,2024-11-27T02:58:08.204683Z,2024-12-03T18:43:08.942257Z
0x29c02C6053D45e3A0282A0079361320BF7757303,True,True,FLOWMultiSender,False,v0.8.26+commit.8a97fa7a,False,solidity,2024-11-26T11:05:30.230308Z,2024-12-03T18:43:08.942263Z
0xf389f9692DA5201D3cF1f2e612b2b60940A78dE4,True,True,ERC20MultiSender,False,v0.8.26+commit.8a97fa7a,False,solidity,2024-11-26T10:17:12.324157Z,2024-12-03T18:43:08.942268Z
0xa507DFccA02727B46cBdC600C57E89b2b55E5330,True,True,GnosisSafeProxy,False,v0.7.6+commit.7338295f,False,solidity,2024-11-22T11:49:53.771967Z,2024-12-03T18:43:08.942273Z
0xa160440daAD769893b6938CDb1839Ed5D34D8945,True,True,Counter,False,v0.8.28+commit.7893614a,False,solidity,2024-11-21T15:46:34.882162Z,2024-12-03T18:43:08.942279Z
0x7D7a531E3aC6D2C5d29366BD339643fB3A57d663,True,True,MerlinSwapPool,False,v0.8.4+commit.c7e474f2,False,solidity,2024-11-21T13:35:23.549287Z,2024-12-03T18:43:08.942284Z
0x32BAadAfDEa5008aD4F56E896dD220FBf31031fE,True,True,BurningBridgeProxy,False,v0.8.25+commit.b61c2a91,True,solidity,2024-11-21T11:57:44.861813Z,2024-12-03T18:43:08.942289Z
0x1f9cAe465Ed8F00cc537427721e4161E3b1f8d10,True,True,BurningBridge,False,v0.8.25+commit.b61c2a91,False,solidity,2024-11-21T11:57:27.110328Z,2024-12-03T18:43:08.942294Z
0x9434D122E0FB3338FACbe5a2EF9e1b887b884aa9,True,True,Egg,False,v0.8.25+commit.b61c2a91,True,solidity,2024-11-21T11:57:13.842479Z,2024-12-03T18:43:08.942299Z
0xa7a55a52189DcBc14c4329753c86fF37D296b59C,True,True,MerlinSwapPool,False,v0.8.4+commit.c7e474f2,False,solidity,2024-11-20T17:15:59.539477Z,2024-12-03T18:43:08.942305Z
0xf46320c15821caF29AfbB13a6075DECF62475645,True,True,FloorPack,False,v0.8.18+commit.87f61d96,True,solidity,2024-11-19T22:30:53.871052Z,2024-12-03T18:43:08.942310Z
0x49b98EAB13247E786BEd0bb5780728db8d24b5e0,True,True,HashChan2,False,v0.8.26+commit.8a97fa7a,False,solidity,2024-11-19T20:52:36.461192Z,2024-12-03T18:43:08.942317Z
0xC6e576260853e8eDb7a683Ff1233747Ad9904f16,True,True,GelatoRelay1BalanceV2,False,v0.8.20+commit.a1b79de6,False,solidity,2024-11-18T18:42:56.191499Z,2024-12-03T18:43:08.942322Z
0xE44c82aB05F70f172b92B7e253D0F1EDDC48A528,True,True,TokenClaimer,False,v0.8.26+commit.8a97fa7a,True,solidity,2024-11-17T22:05:14.888051Z,2024-12-03T18:43:08.942327Z
0x4abAB4A5da6e113B1a1B8942375A117870472370,True,True,RaffleClaimer,False,v0.8.26+commit.8a97fa7a,True,solidity,2024-11-17T22:04:18.730831Z,2024-12-03T18:43:08.942332Z
0xBed3a39f346c42B67fEe1C8916540d6d8Fd86614,True,True,TokenERC1155,False,v0.8.23+commit.f704f362,False,solidity,2024-11-17T18:35:05.282417Z,2024-12-03T18:43:08.942338Z
0x97cF52E67524eC81626eB8c3f58242979Da659df,True,True,Disperse,False,v0.8.26+commit.8a97fa7a,False,solidity,2024-11-16T21:13:45.515679Z,2024-12-03T18:43:08.942343Z
0x1e2b22C010Cab5D5A5b4cCbD3f4921c9cD304436,True,True,DisperseToken,False,v0.8.26+commit.8a97fa7a,False,solidity,2024-11-16T01:30:43.263382Z,2024-12-03T18:43:08.942348Z
0xC0Ac932CaC7B4D8F7c31792082e2e8F3CFe99c10,True,True,UniversalSwapRouter,False,v0.8.4+commit.c7e474f2,True,solidity,2024-11-15T09:21:00.033768Z,2024-12-03T18:43:08.942353Z
0xB8dDAfE7385A962a4515821248368823E93fa61F,True,True,iZiSwapClassicRouter02,False,v0.6.6+commit.6c089d02,True,solidity,2024-11-15T08:48:16.075527Z,2024-12-03T18:43:08.942358Z
0x14323AfbC2b82fE58F0D9c203830EE969B4d1bE2,True,True,iZiSwapClassicFactory,False,v0.5.16+commit.9c3226ce,True,solidity,2024-11-15T08:29:47.818927Z,2024-12-03T18:43:08.942363Z
0x44b187Fc5F45FB0879902BB7929b04D068E21Cff,True,True,SubstanceProxy,False,v0.8.19+commit.7dd6d404,True,solidity,2024-11-14T17:08:10.852027Z,2024-12-03T18:43:08.942368Z
0x803d2A87429E20d4B52266bF97Ca1c7e4f4F5Dfa,True,True,HypERC20,False,v0.8.19+commit.7dd6d404,True,solidity,2024-11-14T16:13:43.397216Z,2024-12-03T18:43:08.942404Z
0x3Cacc63e83a53CBB956e8f56cD0eE5b99fc6ec29,True,True,ProxyAdmin,False,v0.8.19+commit.7dd6d404,False,solidity,2024-11-14T16:13:09.502316Z,2024-12-03T18:43:08.942414Z
0xD9B13709Ce4Ef82402c091f3fc8A93a9360A5c1e,True,True,Groupfi,False,v0.8.20+commit.a1b79de6,True,solidity,2024-11-14T05:40:00.465632Z,2024-12-03T18:43:08.942422Z
0xca0296EFC305ba8f2A3035e2846d389A8617c4cf,True,True,Lock,False,v0.8.27+commit.40a35a09,True,solidity,2024-11-13T22:03:00.959432Z,2024-12-03T18:43:08.942428Z
0x7cE23ee9023A138193C33F060A0060E918246E59,True,True,HashChan,False,v0.8.26+commit.8a97fa7a,False,solidity,2024-11-13T17:27:49.154761Z,2024-12-03T18:43:08.942433Z
0x512aC88C8415bee3780cDc6A77Eeb551d4F4c515,True,True,EarnConfig,False,v0.8.16+commit.07a7930e,False,solidity,2024-11-13T11:43:43.766613Z,2024-12-03T18:43:08.942439Z
0x0BF7e86d292438F3557F3249beF85c3F212f7a8B,True,True,BurningBridge,False,v0.8.25+commit.b61c2a91,False,solidity,2024-11-13T10:51:55.099166Z,2024-12-03T18:43:08.942444Z
0x1AfbFbF23B4aEe30A4E36b20A1674fdb32d32CBE,True,True,CryptoOoze,False,v0.8.25+commit.b61c2a91,True,solidity,2024-11-13T10:51:46.454105Z,2024-12-03T18:43:08.942450Z
0xA911EB74f47A0880E27084f6ece85F3c2c145Deb,True,True,MerlinSwapPool,False,v0.8.4+commit.c7e474f2,False,solidity,2024-11-11T12:15:57.826070Z,2024-12-03T18:43:08.942455Z
0xE29f4D2Df20EbCA00ec701b57c2611eDe90Fa35F,True,True,RandomnessProviderFlow,False,v0.8.21+commit.d9974bed,True,solidity,2024-11-09T10:08:53.767381Z,2024-12-03T18:43:08.942461Z
0x2d4e4Ac65d126D9a3C40335d57886d6D04C0363B,True,True,RandomnessProviderFlow,False,v0.8.21+commit.d9974bed,True,solidity,2024-11-09T01:41:45.367438Z,2024-12-03T18:43:08.942467Z
0x123E00e7285eAB0fdDb9BFeC006B02848cbC886D,True,True,BeezieBidRouter,False,v0.8.21+commit.d9974bed,False,solidity,2024-11-08T22:31:31.049264Z,2024-12-03T18:43:08.942472Z
0xCEC1737E91250fBa30C8100c4015e62933814cED,True,True,SeaportProxy,False,v0.8.21+commit.d9974bed,True,solidity,2024-11-08T22:31:16.891675Z,2024-12-03T18:43:08.942478Z
0xB06f7a33B2eC15beD65719B1C576587Fc3b413D8,True,True,BeezieCollectibles,False,v0.8.21+commit.d9974bed,True,solidity,2024-11-08T22:31:01.990978Z,2024-12-03T18:43:08.942484Z
0x86c2F347953Ac4a9fe0f87d9dC0554d60b092B0e,True,True,BeezieDrops,False,v0.8.21+commit.d9974bed,True,solidity,2024-11-08T22:30:27.183849Z,2024-12-03T18:43:08.942490Z
0xC7e7BacfD52fB52bd4Ed972099337F54afe752a6,True,True,BeezieDropManager,False,v0.8.21+commit.d9974bed,True,solidity,2024-11-08T14:14:37.137142Z,2024-12-03T18:43:08.942495Z
0xd51AF33f644E6a1aEF8825F6a555E9A2D9E9cF25,True,True,ERC1967Proxy,False,v0.8.21+commit.d9974bed,True,solidity,2024-11-08T13:57:48.435902Z,2024-12-03T18:43:08.942501Z
0xb7C9307fE90B9AB093c6D3EdeE3259f5378D5f03,True,True,TestRecipient,False,v0.8.19+commit.7dd6d404,False,solidity,2024-11-08T11:28:40.487826Z,2024-12-03T18:43:08.942506Z
0xEfad3f079048bE2765b6bCfAa3E9d99e9A2C3Df6,True,True,TestRecipient,False,v0.8.19+commit.7dd6d404,False,solidity,2024-11-08T10:12:49.670155Z,2024-12-03T18:43:08.942512Z
0x3509531A61734E2ebeE2189B0E5dCE1Ebe5A6753,True,True,BeezieBidRouter,False,v0.8.21+commit.d9974bed,False,solidity,2024-11-08T02:09:03.741064Z,2024-12-03T18:43:08.942517Z
0x28d8Ca4056705e4E3F55775F687B19D9f7fE7782,True,True,BeezieDrops,False,v0.8.21+commit.d9974bed,True,solidity,2024-11-08T02:07:56.943453Z,2024-12-03T18:43:08.942523Z
0xf0F744e3b9E860b73A69a6dC67C3b5cC8785A705,True,True,SeaportProxy,False,v0.8.21+commit.d9974bed,True,solidity,2024-11-07T22:07:21.789215Z,2024-12-03T18:43:08.942528Z
0x354ad6437847Ec3d96f41f698f92F1Ad0ad074AA,True,True,BeezieBidRouter,False,v0.8.21+commit.d9974bed,False,solidity,2024-11-07T18:29:45.300115Z,2024-12-03T18:43:08.942533Z
0x38c456eab265BE4118E97088f048EF87eD04Fe0d,True,True,BeezieDrops,False,v0.8.21+commit.d9974bed,True,solidity,2024-11-07T18:29:22.294768Z,2024-12-03T18:43:08.942538Z
0x66747f5822E75e29a0B5Ee899cfD9D9ed70eB96D,True,True,SeaportProxy,False,v0.8.21+commit.d9974bed,True,solidity,2024-11-07T18:28:50.018723Z,2024-12-03T18:43:08.942543Z
0xcc42FC23c0174f186E371165e70A95829FA8dAFb,True,True,ERC1967Proxy,False,v0.8.21+commit.d9974bed,True,solidity,2024-11-07T18:27:33.757373Z,2024-12-03T18:43:08.942549Z
0x03d3F6338e9612678a1013d386a74F419ab72f70,True,True,BeezieDropManager,False,v0.8.21+commit.d9974bed,True,solidity,2024-11-07T18:25:25.888692Z,2024-12-03T18:43:08.942554Z
0x04269e2E7ED19e57B25bC31f10aE07b86E99eB7A,True,True,BeezieDropManagerSwapModule,False,v0.8.21+commit.d9974bed,False,solidity,2024-11-07T18:24:42.926972Z,2024-12-03T18:43:08.942560Z
0xbfa9055E6e605ee385Eb22644ad6CD6542745d98,True,True,ERC1967Proxy,False,v0.8.21+commit.d9974bed,True,solidity,2024-11-07T18:22:05.569697Z,2024-12-03T18:43:08.942565Z
0x654440dB1F34535Dce01a20E31644848a20c09b2,True,True,BeezieCollectibles,False,v0.8.21+commit.d9974bed,True,solidity,2024-11-07T18:20:45.216533Z,2024-12-03T18:43:08.942571Z
0x315DB7b9dD2dffeE46e4A08ee66717A5129F6673,True,True,TransferMiddleware,False,v0.8.21+commit.d9974bed,True,solidity,2024-11-07T18:20:40.511429Z,2024-12-03T18:43:08.942576Z
0xAA7078942587813b479d37227c147E6cB2F8A9De,True,True,USDC,False,v0.8.21+commit.d9974bed,False,solidity,2024-11-07T18:20:39.316634Z,2024-12-03T18:43:08.942581Z
0xb5627e02e27D86839427cE4bB653f864e72c71CD,True,True,USDC,False,v0.8.21+commit.d9974bed,False,solidity,2024-11-07T18:19:36.061060Z,2024-12-03T18:43:08.942586Z
0xC15ca5bcef38E886970e6e189125Be167c11A1c8,True,True,DropRegistryHelpers,False,v0.8.21+commit.d9974bed,False,solidity,2024-11-07T18:15:59.009432Z,2024-12-03T18:43:08.942591Z
0xE99b9796E9617809E3D454C539197672B1D3F916,True,True,BeezieCollectibles,False,v0.8.21+commit.d9974bed,True,solidity,2024-11-07T18:11:13.182061Z,2024-12-03T18:43:08.942596Z
0x1D3dd3796fB48D7fcf30723B899312f8b4561f5C,True,True,TransferMiddleware,False,v0.8.21+commit.d9974bed,True,solidity,2024-11-07T18:10:37.043437Z,2024-12-03T18:43:08.942602Z
0x4CEae3C653e7D9d7F05F286c82fe9991f12a8eDE,True,True,ERC1967Proxy,False,v0.8.21+commit.d9974bed,True,solidity,2024-11-07T18:07:46.176902Z,2024-12-03T18:43:08.942607Z
0x2056BC897a2fb12BFa0abe5e7a7D146b93122e78,True,True,ERC1967Proxy,False,v0.8.21+commit.d9974bed,True,solidity,2024-11-07T18:07:44.915805Z,2024-12-03T18:43:08.942612Z
0x0834233C611aF0F6CF365C192df0fDB16D9a8A75,True,True,USDC,False,v0.8.21+commit.d9974bed,False,solidity,2024-11-07T18:06:13.471326Z,2024-12-03T18:43:08.942618Z
0x0ba070B9b1261AEB32Ae958B214153B211c50F6E,True,True,USDC,False,v0.8.21+commit.d9974bed,False,solidity,2024-11-07T18:05:10.476259Z,2024-12-03T18:43:08.942622Z
0xD7fC0260BC121611335Fd95dFDe677446868E047,True,True,BeezieCollectibles,False,v0.8.21+commit.d9974bed,True,solidity,2024-11-07T17:52:06.090015Z,2024-12-03T18:43:08.942627Z
0x4BfD1296e46768221dE89aE99ce2f657C7482437,True,True,TransferMiddleware,False,v0.8.21+commit.d9974bed,True,solidity,2024-11-07T17:51:20.665795Z,2024-12-03T18:43:08.942633Z
0xcdc31BA959DE8C035A03167ebAE1961208CDf172,True,True,InterchainAccountIsm,False,v0.8.19+commit.7dd6d404,True,solidity,2024-11-07T04:53:06.172524Z,2024-12-03T18:43:08.942638Z
0xb5C9f154a6013f2965713a77B0CAFD6EDBC123C4,True,True,InterchainAccountRouter,False,v0.8.19+commit.7dd6d404,True,solidity,2024-11-07T04:52:23.389290Z,2024-12-03T18:43:08.942643Z
0xfd95054e5F3ba6707cC44B2ebc0D7b3552a82E58,True,True,TestRecipient,False,v0.8.19+commit.7dd6d404,False,solidity,2024-11-07T03:06:42.066845Z,2024-12-03T18:43:08.942649Z
0xa7028308Ff277DB5851a95d82ED5C5256bB721F2,True,True,TestRecipient,False,v0.8.19+commit.7dd6d404,False,solidity,2024-11-07T02:12:14.357587Z,2024-12-03T18:43:08.942654Z
0xBF06C01ded09132B3e08467430bACdD0f9DaDe19,True,True,ProtocolFee,False,v0.8.19+commit.7dd6d404,True,solidity,2024-11-07T02:12:00.012991Z,2024-12-03T18:43:08.942659Z
0x5C6699c133A583d389Ba7e0bDD4993e2e63fA804,True,True,ValidatorAnnounce,False,v0.8.19+commit.7dd6d404,True,solidity,2024-11-07T02:11:57.371540Z,2024-12-03T18:43:08.942665Z
0x3bb2D0a828f7dD91bA786091F421f6d7cF376445,True,True,PausableHook,False,v0.8.19+commit.7dd6d404,False,solidity,2024-11-07T02:09:44.254609Z,2024-12-03T18:43:08.942693Z
0x71A199055A4F61ecd7E0B2C0Db8Ca1693A66dcF0,True,True,InterchainGasPaymaster,False,v0.8.19+commit.7dd6d404,False,solidity,2024-11-07T02:09:43.986305Z,2024-12-03T18:43:08.942701Z
0xa2554A53890c0E769e3fa8b9A0b7e72F6A617367,True,True,StorageGasOracle,False,v0.8.19+commit.7dd6d404,False,solidity,2024-11-07T02:08:38.436766Z,2024-12-03T18:43:08.942707Z
0x2783D98CC073dbcDa90241C804d16982D3d75821,True,True,MerkleTreeHook,False,v0.8.19+commit.7dd6d404,True,solidity,2024-11-07T02:07:50.689132Z,2024-12-03T18:43:08.942712Z
0x5b3EeADcc0E2d4284eA6816e2E503c24d30a9E54,True,True,Mailbox,False,v0.8.19+commit.7dd6d404,True,solidity,2024-11-07T00:58:41.201326Z,2024-12-03T18:43:08.942718Z
0x06De94EfBE80A2804c5FDE2e7C4278a10575A272,True,True,StaticAggregationIsmFactory,False,v0.8.19+commit.7dd6d404,False,solidity,2024-11-07T00:40:57.358280Z,2024-12-03T18:43:08.942723Z
0x693A4cE39d99e46B04cb562329e3F0141cA17331,True,True,DomainRoutingIsmFactory,False,v0.8.19+commit.7dd6d404,False,solidity,2024-11-07T00:40:29.142878Z,2024-12-03T18:43:08.942729Z
0x20a0A32a110362920597F72974E1E0d7e25cA20a,True,True,StaticAggregationHookFactory,False,v0.8.19+commit.7dd6d404,False,solidity,2024-11-07T00:40:08.921603Z,2024-12-03T18:43:08.942734Z
0xD779479d792Ab8E94f61d6b2682a877B2868A8AD,True,True,DropERC721,False,v0.8.23+commit.f704f362,False,solidity,2024-11-06T20:42:58.474996Z,2024-12-03T18:43:08.942740Z
0x23AC9D41025cA51849869f18a7c1C2c4686cD10B,True,True,USDC,False,v0.8.21+commit.d9974bed,False,solidity,2024-11-05T15:17:59.495696Z,2024-12-03T18:43:08.942745Z
0x67F736793B5c39a1146E417F8A06B9e3e27F44D6,True,True,RandomMint721,False,v0.8.20+commit.a1b79de6,False,solidity,2024-11-05T10:37:07.339048Z,2024-12-03T18:43:08.942750Z
0xE75436C51B92d58926913c9C9c589a4e5E1aC050,True,True,RandomMint1155,False,v0.8.20+commit.a1b79de6,False,solidity,2024-11-05T10:36:56.433555Z,2024-12-03T18:43:08.942755Z
0x04828e5786c6fee6222Fa61c61D6C68D59f62e9A,True,True,PickMint721,False,v0.8.20+commit.a1b79de6,False,solidity,2024-11-05T10:36:45.534590Z,2024-12-03T18:43:08.942761Z
0xCb5b3EaD0a9002Bc1B5A1337C63C234FafeC8504,True,True,PickMint1155,False,v0.8.20+commit.a1b79de6,False,solidity,2024-11-05T10:36:34.252518Z,2024-12-03T18:43:08.942766Z
0x6Ca81d6C500d8201dd46eDd2F974cAab533ef497,True,True,MetadataBaseUrl,False,v0.8.20+commit.a1b79de6,False,solidity,2024-11-05T10:36:23.455702Z,2024-12-03T18:43:08.942771Z
0x85d0cf312E8325E9D5B1A51e54048EC7C4671348,True,True,ERC721ProxyFactory,False,v0.8.20+commit.a1b79de6,True,solidity,2024-11-05T10:36:12.942825Z,2024-12-03T18:43:08.942777Z
0xcb1d9A719eE1Bdd4D85E294B05E7dd1e6bff2b77,True,True,ERC1155ProxyFactory,False,v0.8.20+commit.a1b79de6,True,solidity,2024-11-05T10:36:03.618206Z,2024-12-03T18:43:08.942783Z
0xd66Bd1016DF96a061e09AFaaB7072557f792AB16,True,True,Base721,False,v0.8.20+commit.a1b79de6,False,solidity,2024-11-05T10:35:52.062965Z,2024-12-03T18:43:08.942788Z
0xA2365188B772473ab56f03b8C54a65fD0f440d8C,True,True,Base1155,False,v0.8.20+commit.a1b79de6,False,solidity,2024-11-05T10:35:43.035016Z,2024-12-03T18:43:08.942793Z
0xbDDA76656929D3D202B396497ef86d620BB635D1,True,True,FloorPack,False,v0.8.18+commit.87f61d96,True,solidity,2024-11-01T19:26:05.449259Z,2024-12-03T18:43:08.942798Z
0xb660A4f2Fc366C6a3B474Fb1c7Ab222238d7F241,True,True,Test Contract,False,v0.8.18+commit.87f61d96,True,solidity,2024-11-01T14:59:56.098109Z,2024-12-03T18:43:08.942804Z
0x547A5b21e45e0829d46d908b44FF8F74745915f7,True,True,AxelarGateway,False,v0.8.9+commit.e5eed63a,True,solidity,2024-10-31T21:22:15.415321Z,2024-12-03T18:43:08.942809Z
0x1b6c28Dcc75430B69E3b955a41cd9cAdD7d77F1f,True,True,AxelarGateway,False,v0.8.9+commit.e5eed63a,True,solidity,2024-10-31T19:51:47.484280Z,2024-12-03T18:43:08.942814Z
0x1503D19bad7930e27bFc054AC1182dF684c6C725,True,True,TransparentUpgradeableProxy,False,v0.8.20+commit.a1b79de6,True,solidity,2024-10-31T19:36:33.398693Z,2024-12-03T18:43:08.942819Z
0x147f3F9b1DA405BDC94438D9449d9e82378e9fD1,True,True,TransparentUpgradeableProxy,False,v0.8.20+commit.a1b79de6,True,solidity,2024-10-31T19:36:32.988741Z,2024-12-03T18:43:08.942825Z
0xAA6c79610c14c1ceDA8d9597226340041Bac9487,True,True,UpdateCollateralOrder,False,v0.8.19+commit.7dd6d404,False,solidity,2024-10-30T20:51:10.024382Z,2024-12-03T18:43:08.942848Z
0x2d5d7d31F671F86C782533cc367F14109a082712,True,True,AxelarGasServiceProxy,False,v0.8.9+commit.e5eed63a,False,solidity,2024-10-29T16:20:21.480387Z,2024-12-03T18:43:08.942857Z
0xbDfd4e9144CEFB4985754C680F8a0Ede2fb825f2,True,True,LoopStrategy,False,v0.8.21+commit.d9974bed,False,solidity,2024-10-28T13:12:57.160868Z,2024-12-03T18:43:08.942867Z
0xCC6858998C19Bc9A6F122D05b04eE5A44fddB128,True,True,ProxyAdmin,False,v0.8.21+commit.d9974bed,False,solidity,2024-10-28T13:11:10.970005Z,2024-12-03T18:43:08.942878Z
0xBEe4769E53d1A6BABC4fC2E91F9B730770453bad,True,True,TransparentUpgradeableProxy,False,v0.8.21+commit.d9974bed,True,solidity,2024-10-25T08:33:58.250266Z,2024-12-03T18:43:08.942889Z
0x75Adf2abbA854D5A66eDA6be62E61821bC8dd816,True,True,LoopStrategy,False,v0.8.21+commit.d9974bed,False,solidity,2024-10-25T08:32:02.903237Z,2024-12-03T18:43:08.942900Z
0x603d2a6EAd1ad0956a6D8A77A3cfa5d467EE70Fe,True,True,MerlinSwapPool,False,v0.8.4+commit.c7e474f2,False,solidity,2024-10-24T22:13:08.780402Z,2024-12-03T18:43:08.942909Z
0x49631Eac7e67c417D036a4d114AD9359c93491e7,True,True,FlowEVMBridgedERC20Deployer,False,v0.8.24+commit.e11b9ed9,False,solidity,2024-10-24T07:59:06.839158Z,2024-12-03T18:43:08.942919Z
0x02F55D53DcE23B4AA962CC68b0f685f26143Bdb2,True,True,LimitOrderManager,False,v0.8.4+commit.c7e474f2,True,solidity,2024-10-22T23:06:53.815512Z,2024-12-03T18:43:08.942929Z
0xf4D2645706f48527Fb35E6b5B9CeddF81FFc2c9D,True,True,BearingToken,False,v0.8.16+commit.07a7930e,False,solidity,2024-10-22T23:05:39.292705Z,2024-12-03T18:43:08.942940Z
0x9784106fe70769b377e73DC683F48602bAf27155,True,True,UniversalRewardsDistributor,False,v0.8.19+commit.7dd6d404,False,solidity,2024-10-22T13:46:36.678832Z,2024-12-03T18:43:08.942950Z
0xD8f7b1493E1d9316E8635B89A8464694fd65Cd7b,True,True,UrdFactory,False,v0.8.19+commit.7dd6d404,False,solidity,2024-10-22T13:40:31.270256Z,2024-12-03T18:43:08.942961Z
0x4412140D52C1F5834469a061927811Abb6026dB7,True,True,StableKittyFactoryNG,False,v0.3.10+commit.91361694,True,vyper,2024-10-21T15:26:03.388696Z,2024-12-03T18:43:08.942971Z
0xBE3b7AaDBEe8Dbe71f0bfB4640A43dd8aaab59C9,True,True,StableKittySwapNGViews,False,v0.3.10+commit.91361694,False,vyper,2024-10-21T15:16:14.942984Z,2024-12-03T18:43:08.942981Z
0x672e7Ae0009B58CEB1c8dE40F89d9663c9D3F685,True,True,StableKittySwapNGMath,False,v0.3.10+commit.91361694,False,vyper,2024-10-21T15:12:18.551921Z,2024-12-03T18:43:08.942992Z
0x83FdcE89CA94d141fd1a6dCc62a91f93E2c0C51e,True,True,Probana,False,v0.8.26+commit.8a97fa7a,True,solidity,2024-10-20T09:35:56.857332Z,2024-12-03T18:43:08.942998Z
0x7A0aE150F6E03f6B038B673c7B32341496F65f41,True,True,Probana,False,v0.8.26+commit.8a97fa7a,True,solidity,2024-10-20T04:26:07.653416Z,2024-12-03T18:43:08.943003Z
0x68ab613B5734C425f293238D451E269069879bd4,True,True,Probana,False,v0.8.26+commit.8a97fa7a,True,solidity,2024-10-20T03:50:54.256269Z,2024-12-03T18:43:08.943008Z
0x07d149586A756F978aAB55604a375B8afb8b8B98,True,True,Probana,False,v0.8.26+commit.8a97fa7a,True,solidity,2024-10-20T03:41:34.848948Z,2024-12-03T18:43:08.943013Z
0x13cC2FEb33639347aa8BFD3045275f1b88F18e6D,True,True,Probana,False,v0.8.26+commit.8a97fa7a,True,solidity,2024-10-20T02:19:06.377709Z,2024-12-03T18:43:08.943018Z
0xADd787234F5Aeaf810466b1Ec83ad7Cd03EfDB9d,True,True,Probana,False,v0.8.26+commit.8a97fa7a,True,solidity,2024-10-20T01:17:54.562817Z,2024-12-03T18:43:08.943023Z
0x253eaCA12bcE5E5c77A14D1CDcE0f4b353dCcCc3,True,True,Probana,False,v0.8.26+commit.8a97fa7a,True,solidity,2024-10-19T23:27:25.021038Z,2024-12-03T18:43:08.943029Z
0xdC46f07661B673Fc262f61FC5b05B10A58a3b7fE,True,True,AxelarGasService,False,v0.8.23+commit.f704f362,True,solidity,2024-10-17T18:27:09.849536Z,2024-12-03T18:43:08.943034Z
0x05823c334150a48ACD5D325fBA16147c21bA3653,True,True,AxelarAmplifierGateway,False,v0.8.23+commit.f704f362,True,solidity,2024-10-17T18:27:04.302164Z,2024-12-03T18:43:08.943069Z
0x98B2920D53612483F91F12Ed7754E51b4A77919e,True,True,ConstAddressDeployer,False,v0.8.9+commit.e5eed63a,False,solidity,2024-10-17T17:56:44.255108Z,2024-12-03T18:43:08.943078Z
0xAe2623B9A896e0820BD7c40d5e3D2829C163Ef36,True,True,ConstAddressDeployer,False,v0.8.9+commit.e5eed63a,False,solidity,2024-10-17T17:56:43.349012Z,2024-12-03T18:43:08.943084Z
0x4C7Da574B83088351d0a439768aaB8A49a74210c,True,True,AxelarGasServiceProxy,False,v0.8.9+commit.e5eed63a,False,solidity,2024-10-17T12:35:51.103786Z,2024-12-03T18:43:08.943090Z
0xBA8F9757FA4c4E1A1F402a1C3C0D3FF1bA56382f,True,True,AxelarGasService,False,v0.8.23+commit.f704f362,True,solidity,2024-10-17T12:35:48.342855Z,2024-12-03T18:43:08.943095Z
0x7f16ebAC3E721a83b8d032F5C00159CE8a9FFBbd,True,True,AxelarAmplifierGateway,False,v0.8.23+commit.f704f362,True,solidity,2024-10-17T12:35:41.187366Z,2024-12-03T18:43:08.943101Z
0x45C606bDa4968F3D4238F84c441b1298176780C3,True,True,NFTFactory,False,v0.8.24+commit.e11b9ed9,False,solidity,2024-10-17T09:26:52.691432Z,2024-12-03T18:43:08.943106Z
0x56EF319379c35F10DAf280167C3D26ADd25286C0,True,True,ERC721Drop,False,v0.8.24+commit.e11b9ed9,False,solidity,2024-10-17T09:26:34.643543Z,2024-12-03T18:43:08.943112Z
0xBAFBC1569Ca4d66aD4DcceD3823ff1f405941De2,True,True,ERC1155Drop,False,v0.8.24+commit.e11b9ed9,False,solidity,2024-10-17T09:26:05.745017Z,2024-12-03T18:43:08.943118Z
0x9C6e8d989ea7F212e679191BEb44139d83ac927a,True,True,TestRecipient,False,v0.8.19+commit.7dd6d404,False,solidity,2024-10-16T13:54:00.953675Z,2024-12-03T18:43:08.943123Z
0x534b0aAe57D33D2D8503fe57bd4A2323DF164026,True,True,FutureShort,False,v0.8.19+commit.7dd6d404,False,solidity,2024-10-16T08:38:12.432699Z,2024-12-03T18:43:08.943129Z
0x66052bed8c2c234d72A4538306d748B0F7a3E6B5,True,True,ProxyAdmin,False,v0.8.20+commit.a1b79de6,False,solidity,2024-10-16T08:15:46.296989Z,2024-12-03T18:43:08.943134Z
0x0251cAb2c48843E4A8a724977380CcD95aeBe727,True,True,Multicall3,False,v0.8.26+commit.8a97fa7a,False,solidity,2024-10-16T04:30:00.649917Z,2024-12-03T18:43:08.943139Z
0x63f918fD7cD5734CFf12a977de02510C3fa7f3B3,True,True,ConstAddressDeployer,False,v0.8.9+commit.e5eed63a,False,solidity,2024-10-15T12:59:38.827402Z,2024-12-03T18:43:08.943144Z
0xCfA63a95ca7428CCc7ca9e874BaD54F4314d4D47,True,True,AxelarAmplifierGateway,False,v0.8.23+commit.f704f362,True,solidity,2024-10-15T12:59:38.130388Z,2024-12-03T18:43:08.943150Z
0x1A3e9b4f0D831F18442989dd8D299e94A654f8f2,True,True,SubstanceProxy,False,v0.8.19+commit.7dd6d404,True,solidity,2024-10-15T12:36:43.629635Z,2024-12-03T18:43:08.943156Z
0xD70C8AaC058E6daFe3446F78091325F9E29bcee4,True,True,BearingToken,False,v0.8.16+commit.07a7930e,False,solidity,2024-10-15T11:01:00.556334Z,2024-12-03T18:43:08.943162Z
0x58f4a5b267E206a9dD579Fbc25FDcC759F775aae,True,True,ProxyAdmin,False,v0.8.20+commit.a1b79de6,False,solidity,2024-10-15T10:45:24.475405Z,2024-12-03T18:43:08.943167Z
0xa74E5EcCb374734342729F4861E4061f40FC2948,True,True,ProxyAdmin,False,v0.8.20+commit.a1b79de6,False,solidity,2024-10-15T10:17:33.254511Z,2024-12-03T18:43:08.943172Z
0xA0BE15795A9D8a1f481a3A832e2a5d2C9e948A2a,True,True,UniversalRewardsDistributor,False,v0.8.19+commit.7dd6d404,False,solidity,2024-10-15T06:23:38.248016Z,2024-12-03T18:43:08.943178Z
0x801E01BbCa1B671eA8b59A7e462D384E7038897e,True,True,UrdFactory,False,v0.8.19+commit.7dd6d404,False,solidity,2024-10-15T06:19:36.283303Z,2024-12-03T18:43:08.943184Z
0xc5068BB6803ADbe5600DE5189fe27A4dAcE31170,True,True,TransparentUpgradeableProxy,False,v0.8.19+commit.7dd6d404,True,solidity,2024-10-14T15:41:41.399495Z,2024-12-03T18:43:08.943189Z
0x3E12271EbD523d0886D0D51A4FF8D8e046CF2E1D,True,True,InterchainAccountRouter,False,v0.8.19+commit.7dd6d404,True,solidity,2024-10-14T15:29:19.157203Z,2024-12-03T18:43:08.943195Z
0xb5668713E9BA8bC96f97D691663E70b54CE90b0A,True,True,InterchainAccountIsm,False,v0.8.19+commit.7dd6d404,True,solidity,2024-10-14T15:28:48.211340Z,2024-12-03T18:43:08.943201Z
0x6F9eC4f83ef69b923Fa1Dc00189e591728DF0ac0,True,True,TransparentUpgradeableProxy,False,v0.8.19+commit.7dd6d404,True,solidity,2024-10-14T13:39:20.188567Z,2024-12-03T18:43:08.943207Z
0xC1eC2f9BB21148a58ea571770c5F1FAa01cDFF11,True,True,TestRecipient,False,v0.8.19+commit.7dd6d404,False,solidity,2024-10-14T13:39:08.091883Z,2024-12-03T18:43:08.943212Z
0xA1Df6B70044029a2D1eDDC50EfDE2813e478140a,True,True,TransparentUpgradeableProxy,False,v0.8.19+commit.7dd6d404,True,solidity,2024-10-14T13:38:59.045386Z,2024-12-03T18:43:08.943217Z
0x3AdCBc94ab8C48EC52D06dc65Bb787fD1981E3d5,True,True,ProtocolFee,False,v0.8.19+commit.7dd6d404,True,solidity,2024-10-14T13:38:58.578314Z,2024-12-03T18:43:08.943223Z
0xf9609bB22847e0DB5F6fB8f95b84D25A19b46ac5,True,True,InterchainGasPaymaster,False,v0.8.19+commit.7dd6d404,False,solidity,2024-10-14T13:38:11.625776Z,2024-12-03T18:43:08.943228Z
0x549F241472FccdA169E3202048aE2241231A7772,True,True,FallbackDomainRoutingHook,False,v0.8.19+commit.7dd6d404,True,solidity,2024-10-14T13:38:06.497045Z,2024-12-03T18:43:08.943233Z
0xDd2059c375C81638DaB52AF4145d2671C446c5e9,True,True,InterchainAccountRouter,False,v0.8.19+commit.7dd6d404,True,solidity,2024-10-14T13:30:04.240335Z,2024-12-03T18:43:08.943239Z
0x587463AF636f527783c584F4DdbF8188e09EC213,True,True,InterchainAccountIsm,False,v0.8.19+commit.7dd6d404,True,solidity,2024-10-14T13:29:27.821185Z,2024-12-03T18:43:08.943248Z
0xE2B36A37bD98ba81658dC5454F2dB2F98438d140,True,True,ValidatorAnnounce,False,v0.8.19+commit.7dd6d404,True,solidity,2024-10-14T13:28:19.140745Z,2024-12-03T18:43:08.943253Z
0x59973ae98D340cA0577ed92502402E82E987Ba2E,True,True,StorageGasOracle,False,v0.8.19+commit.7dd6d404,False,solidity,2024-10-14T13:25:13.652056Z,2024-12-03T18:43:08.943258Z
0xC9ab9Dc82F05eA118F266611f4c474529d43b599,True,True,PausableHook,False,v0.8.19+commit.7dd6d404,False,solidity,2024-10-14T13:24:55.788211Z,2024-12-03T18:43:08.943264Z
0x25d668D37f20E6f396cB5DF1DFf5A3f2F568e707,True,True,MerkleTreeHook,False,v0.8.19+commit.7dd6d404,True,solidity,2024-10-14T13:24:23.174381Z,2024-12-03T18:43:08.943269Z
0x783EC5e105234a570eB90f314284E5dBe53bdd90,True,True,TransparentUpgradeableProxy,False,v0.8.19+commit.7dd6d404,True,solidity,2024-10-14T12:37:21.053040Z,2024-12-03T18:43:08.943275Z
0xcDA455DfD9C938451BfaFC6FF0D497c8C0469C96,True,True,Mailbox,False,v0.8.19+commit.7dd6d404,True,solidity,2024-10-14T12:21:52.682122Z,2024-12-03T18:43:08.943280Z
0x8C3e1794018a589c9E9226b8543105fCb6cC88C4,True,True,DomainRoutingIsmFactory,False,v0.8.19+commit.7dd6d404,False,solidity,2024-10-14T12:21:40.695358Z,2024-12-03T18:43:08.943286Z
0xfBc08389224d23b79cb21cDc16c5d42F0ad0F57f,True,True,StaticAggregationHookFactory,False,v0.8.19+commit.7dd6d404,False,solidity,2024-10-14T12:21:39.497537Z,2024-12-03T18:43:08.943291Z
0x60B8d195f1b2EcaC26d54b95C69E6399cFD64b53,True,True,ProxyAdmin,False,v0.8.19+commit.7dd6d404,False,solidity,2024-10-14T12:21:23.752527Z,2024-12-03T18:43:08.943297Z
0x18B0688990720103dB63559a3563f7E8d0f63EDb,True,True,StaticAggregationIsmFactory,False,v0.8.19+commit.7dd6d404,False,solidity,2024-10-14T12:19:33.483346Z,2024-12-03T18:43:08.943302Z
0xd01A3E167d59FF98c983E83BAa5da0C3e0ADe726,True,True,TransparentUpgradeableProxy,False,v0.8.19+commit.7dd6d404,True,solidity,2024-10-14T11:50:55.359072Z,2024-12-03T18:43:08.943307Z
0xcC2816aC3fe471e5378BBd3B30F2B8247021625D,True,True,FallbackDomainRoutingHook,False,v0.8.19+commit.7dd6d404,True,solidity,2024-10-14T11:50:42.520183Z,2024-12-03T18:43:08.943313Z
0xD0dca420feFda68537695A8D887080eeF4030AF7,True,True,TestRecipient,False,v0.8.19+commit.7dd6d404,False,solidity,2024-10-14T11:39:41.775580Z,2024-12-03T18:43:08.943318Z
0x5090dF2FBDa7127c7aDa41f60B79F5c55D380Dd8,True,True,ProtocolFee,False,v0.8.19+commit.7dd6d404,True,solidity,2024-10-14T11:38:57.899214Z,2024-12-03T18:43:08.943323Z
0xa97ec3E58cBd60199dcFDd6396431BE85c2E363e,True,True,StorageGasOracle,False,v0.8.19+commit.7dd6d404,False,solidity,2024-10-14T11:37:12.892662Z,2024-12-03T18:43:08.943328Z
0x87bDFaBbCC36D8B1aEdA871Cd54b2e86C7a4d597,True,True,PausableHook,False,v0.8.19+commit.7dd6d404,False,solidity,2024-10-14T11:36:55.358670Z,2024-12-03T18:43:08.943369Z
0x3a464f746D23Ab22155710f44dB16dcA53e0775E,True,True,Mailbox,False,v0.8.19+commit.7dd6d404,True,solidity,2024-10-14T11:36:01.747362Z,2024-12-03T18:43:08.943378Z
0x560edd78De219682062b0e8397fc5eF8559F812E,True,True,iZiSwapPool,False,v0.8.4+commit.c7e474f2,False,solidity,2024-10-14T00:10:10.843763Z,2024-12-03T18:43:08.943384Z
0xe3d4696241b0efdcb6CdE30Bd4D86f91230BcB9F,True,True,AxelarGateway,False,v0.8.9+commit.e5eed63a,True,solidity,2024-10-12T09:40:52.552915Z,2024-12-03T18:43:08.943389Z
0xf69889805F6ef91655c11eE90cEf999B704D9ff6,True,True,TokenDeployer,False,v0.8.9+commit.e5eed63a,False,solidity,2024-10-12T09:37:45.837413Z,2024-12-03T18:43:08.943394Z
0x05cF7fD68D07bFE5157b19d899e2efdF3ab11C63,True,True,Multicall3,False,v0.8.11+commit.d7f03943,False,solidity,2024-10-12T09:33:46.910834Z,2024-12-03T18:43:08.943399Z
0x63688e7b103aA4bb34470009D0b7f1a45A4869B7,True,True,AxelarGateway,False,v0.8.9+commit.e5eed63a,True,solidity,2024-10-12T09:31:35.064302Z,2024-12-03T18:43:08.943404Z
0x3E5Ca3f2E73c25171A8dc3CE9a0eb30b1e2C3B06,True,True,AxelarGateway,False,v0.8.9+commit.e5eed63a,True,solidity,2024-10-12T09:31:33.949759Z,2024-12-03T18:43:08.943409Z
0xC64bA01cD87B32712A3Dd7044e125f9bD65E78d8,True,True,AxelarGateway,False,v0.8.9+commit.e5eed63a,True,solidity,2024-10-12T08:29:17.978829Z,2024-12-03T18:43:08.943414Z
0xb0544dCe659ddf702f1823815A1A1FA8100Dc65d,True,True,AxelarGateway,False,v0.8.9+commit.e5eed63a,True,solidity,2024-10-12T08:29:16.045822Z,2024-12-03T18:43:08.943420Z
0x62b110942EebE485909fceBdAeb64d4c49B24ea5,True,True,AxelarGateway,False,v0.8.9+commit.e5eed63a,True,solidity,2024-10-12T06:57:19.985640Z,2024-12-03T18:43:08.943425Z
0x21eA2c5aD21d4B7679444E164A61818ddA7cd8Cd,True,True,AxelarGateway,False,v0.8.9+commit.e5eed63a,True,solidity,2024-10-12T06:56:51.095976Z,2024-12-03T18:43:08.943430Z
0xD680Db0f7e932f5f2505D60E8cD6687A0F808Ce8,True,True,AxelarGateway,False,v0.8.9+commit.e5eed63a,True,solidity,2024-10-12T06:56:44.343876Z,2024-12-03T18:43:08.943436Z
0x9a27f7BFcAd79B8f5c0de1b8e9dE470851c78F8E,True,True,AxelarGateway,False,v0.8.9+commit.e5eed63a,True,solidity,2024-10-12T06:56:39.618490Z,2024-12-03T18:43:08.943441Z
0x81ECac0D6Be0550A00FF064a4f9dd2400585FE9c,True,True,SignatureChecker,False,v0.6.12+commit.27d51765,False,solidity,2024-10-12T06:56:34.225562Z,2024-12-03T18:43:08.943446Z
0xD762a96C1C6dFBF20E07de917CEc2feBf44545E9,True,True,TokenDeployer,False,v0.8.9+commit.e5eed63a,False,solidity,2024-10-12T06:56:21.912247Z,2024-12-03T18:43:08.943451Z
0xd23607C3b217639dA4db43aF6f2e5e1Ee4A0e32D,True,True,AxelarGateway,False,v0.8.9+commit.e5eed63a,True,solidity,2024-10-12T06:56:21.183311Z,2024-12-03T18:43:08.943457Z
0x93A254D1032f7aDf0202C5C206Fa02bBce7E72cB,True,True,AxelarGateway,False,v0.8.9+commit.e5eed63a,True,solidity,2024-10-12T06:56:18.951669Z,2024-12-03T18:43:08.943462Z
0x7C61e300f4bbfA38b7DCee7c5a62B22C6b9546d7,True,True,AxelarGateway,False,v0.8.9+commit.e5eed63a,True,solidity,2024-10-12T06:56:18.002285Z,2024-12-03T18:43:08.943467Z
0x3621654102a630a534746310B9d29afD8d15c71F,True,True,TokenDeployer,False,v0.8.9+commit.e5eed63a,False,solidity,2024-10-12T06:56:16.848333Z,2024-12-03T18:43:08.943472Z
0xCF9D49E3F86AF059ACb9AbD96351DAa849289d8b,True,True,AxelarGateway,False,v0.8.9+commit.e5eed63a,True,solidity,2024-10-12T06:55:37.884140Z,2024-12-03T18:43:08.943478Z
0xA3509e690a430F05BD5aaA5dd7786154374F9f4a,True,True,AxelarGateway,False,v0.8.9+commit.e5eed63a,True,solidity,2024-10-12T06:55:35.789332Z,2024-12-03T18:43:08.943484Z
0x81cF89B37a48551b6FfEdcC35d799e04AF1A20Aa,True,True,AxelarGateway,False,v0.8.9+commit.e5eed63a,True,solidity,2024-10-12T06:55:34.760902Z,2024-12-03T18:43:08.943489Z
0x1153C7468bD2a7af7F5f3474962D0f1044dE722c,True,True,TokenDeployer,False,v0.8.9+commit.e5eed63a,False,solidity,2024-10-12T06:55:30.678685Z,2024-12-03T18:43:08.943494Z
0xE6Dd2c0cE5E3adfFC422215c0BB9af16F71d0133,True,True,Permit2,False,v0.8.17+commit.8df45f5f,False,solidity,2024-10-12T06:55:15.301506Z,2024-12-03T18:43:08.943499Z
0xE37E1160BdA53D75c805b848b2F9b4EE4c89e725,True,True,AxelarGateway,False,v0.8.9+commit.e5eed63a,True,solidity,2024-10-12T06:55:13.958093Z,2024-12-03T18:43:08.943505Z
0xE2Dcb5BB2e477279C00111F134A3728A09dB1882,True,True,AxelarGateway,False,v0.8.9+commit.e5eed63a,True,solidity,2024-10-12T06:55:12.866813Z,2024-12-03T18:43:08.943510Z
0xCc6132221C7F9E9e48DAdF6F5F1E74D089f85C09,True,True,AxelarGateway,False,v0.8.9+commit.e5eed63a,True,solidity,2024-10-12T06:55:11.839475Z,2024-12-03T18:43:08.943515Z
0xCBCb90AF19A2B44FEfEe701c6DA462703f9C2Ccc,True,True,TokenDeployer,False,v0.8.9+commit.e5eed63a,False,solidity,2024-10-12T06:55:10.686249Z,2024-12-03T18:43:08.943520Z
0xC7F22268c28FB5d0745e03367eaD3D4221530872,True,True,AxelarGateway,False,v0.8.9+commit.e5eed63a,True,solidity,2024-10-12T06:55:09.849216Z,2024-12-03T18:43:08.943525Z
0xc03A4465cc1953b0246583faB9Fd9ea0b057A41e,True,True,AxelarGateway,False,v0.8.9+commit.e5eed63a,True,solidity,2024-10-12T06:55:07.090993Z,2024-12-03T18:43:08.943530Z
0xB78ebE401B54849Ce9C829d1236328D16f2ebCfC,True,True,AxelarGateway,False,v0.8.9+commit.e5eed63a,True,solidity,2024-10-12T06:55:06.075728Z,2024-12-03T18:43:08.943535Z
0xB6AB0044edab006Fd641d5B2607e793bAc82Ffc0,True,True,AxelarGateway,False,v0.8.9+commit.e5eed63a,True,solidity,2024-10-12T06:55:05.118636Z,2024-12-03T18:43:08.943540Z
0xb39A9060E5eE438166542A74901D881c8Fa353c8,True,True,AxelarGateway,False,v0.8.9+commit.e5eed63a,True,solidity,2024-10-12T06:55:03.073456Z,2024-12-03T18:43:08.943545Z
0xA8f0D53d36826ea36f1Af4E5Cd55a1799b1aA2D9,True,True,AxelarGateway,False,v0.8.9+commit.e5eed63a,True,solidity,2024-10-12T06:55:02.048375Z,2024-12-03T18:43:08.943550Z
0xA82a273F65dCE680B957A436F5962c5835F8c47a,True,True,AxelarGateway,False,v0.8.9+commit.e5eed63a,True,solidity,2024-10-12T06:55:01.135586Z,2024-12-03T18:43:08.943556Z
0xA2C9e1Ab0bC4D043DA48Ee647E27C0923A25E573,True,True,AxelarGateway,False,v0.8.9+commit.e5eed63a,True,solidity,2024-10-12T06:54:59.270800Z,2024-12-03T18:43:08.943561Z
0x8BF3ddD43f627BE77364d3355A19853eB2Db21aB,True,True,AxelarGateway,False,v0.8.9+commit.e5eed63a,True,solidity,2024-10-12T06:54:58.275059Z,2024-12-03T18:43:08.943567Z
0x876E3df736860948ad7AcC34f28B2Ec85DC9Bf73,True,True,AxelarGateway,False,v0.8.9+commit.e5eed63a,True,solidity,2024-10-12T06:54:56.503305Z,2024-12-03T18:43:08.943571Z
0x86bF6A161588bf308D600830a58EF69b57B65428,True,True,AxelarGateway,False,v0.8.9+commit.e5eed63a,True,solidity,2024-10-12T06:54:55.455988Z,2024-12-03T18:43:08.943577Z
0x8596af2f3FA677d4915BD2F7925D3C9223655D7D,True,True,AxelarGateway,False,v0.8.9+commit.e5eed63a,True,solidity,2024-10-12T06:54:54.470144Z,2024-12-03T18:43:08.943582Z
0x7AD21C5Dc5A83eE6C05093382FC99cB3093dC0f5,True,True,AxelarGateway,False,v0.8.9+commit.e5eed63a,True,solidity,2024-10-12T06:54:48.173342Z,2024-12-03T18:43:08.943587Z
0x753D45A11cEe8b08AAAF9D5B64429E51809C9791,True,True,AxelarGateway,False,v0.8.9+commit.e5eed63a,True,solidity,2024-10-12T06:54:45.468873Z,2024-12-03T18:43:08.943592Z
0x6e502c568FbE95F65c64b820e4Cd746c0803DEda,True,True,AxelarGateway,False,v0.8.9+commit.e5eed63a,True,solidity,2024-10-12T06:54:43.374533Z,2024-12-03T18:43:08.943597Z
0x6E467826CA6BBB2ECD0792C46D848c72007daFdA,True,True,AxelarGateway,False,v0.8.9+commit.e5eed63a,True,solidity,2024-10-12T06:54:42.335655Z,2024-12-03T18:43:08.943602Z
0x6a2d262D56735DbA19Dd70682B39F6bE9a931D98,True,True,FiatTokenV2_2,False,v0.6.12+commit.27d51765,False,solidity,2024-10-12T06:54:41.331169Z,2024-12-03T18:43:08.943607Z
0x68c37c5fD0D61fF6924dD5527E6F363Ce05C1b13,True,True,AxelarGateway,False,v0.8.9+commit.e5eed63a,True,solidity,2024-10-12T06:54:40.303553Z,2024-12-03T18:43:08.943612Z
0x55eA48C6C9cef952C740B9BE34394c6065bAb6f9,True,True,TokenDeployer,False,v0.8.9+commit.e5eed63a,False,solidity,2024-10-12T06:54:39.008190Z,2024-12-03T18:43:08.943617Z
0x50E178c3FdF5FB6Cf264bf6047F4c989010aC48E,True,True,AxelarGateway,False,v0.8.9+commit.e5eed63a,True,solidity,2024-10-12T06:54:37.256149Z,2024-12-03T18:43:08.943624Z
0x41b5FB8322a76A7aD75c76A4fBA702378b07E2Ee,True,True,AxelarGateway,False,v0.8.9+commit.e5eed63a,True,solidity,2024-10-12T06:54:36.228419Z,2024-12-03T18:43:08.943654Z
0x3d69630Aca570f05F959Ea14463C690501c126e8,True,True,TokenDeployer,False,v0.8.9+commit.e5eed63a,False,solidity,2024-10-12T06:54:35.583192Z,2024-12-03T18:43:08.943662Z
0x3ef97550e2e759Ee7EF2eC2F1cec89AcaeB15190,True,True,AxelarGateway,False,v0.8.9+commit.e5eed63a,True,solidity,2024-10-12T06:54:35.211850Z,2024-12-03T18:43:08.943668Z
0x30A8a7159D9C1469F05d33d32D1B58588d486188,True,True,AxelarGateway,False,v0.8.9+commit.e5eed63a,True,solidity,2024-10-12T06:54:17.875923Z,2024-12-03T18:43:08.943673Z
0x2E7a3C96c781B613675Ac32430A8B4FbA3012b54,True,True,AxelarGateway,False,v0.8.9+commit.e5eed63a,True,solidity,2024-10-12T06:54:16.891733Z,2024-12-03T18:43:08.943678Z
0x284D6067372437d44727a95C3F5fFC31d99E690A,True,True,AxelarGateway,False,v0.8.9+commit.e5eed63a,True,solidity,2024-10-12T06:54:14.181495Z,2024-12-03T18:43:08.943683Z
0x224dd97D7a0b3d1A7B34721633e887a792E44d78,True,True,AxelarGateway,False,v0.8.9+commit.e5eed63a,True,solidity,2024-10-12T06:54:12.352033Z,2024-12-03T18:43:08.943688Z
0x1f7E75bEB15e390eAcD906Ca1080b45D08C9E2F7,True,True,AxelarGateway,False,v0.8.9+commit.e5eed63a,True,solidity,2024-10-12T06:54:11.349229Z,2024-12-03T18:43:08.943693Z
0x18392733477cC5a06FEC857039cEac1Fa65E3590,True,True,AxelarGateway,False,v0.8.9+commit.e5eed63a,True,solidity,2024-10-12T06:54:10.339372Z,2024-12-03T18:43:08.943698Z
0x1627032B634131A2d39b5b0dE257c83f05e17196,True,True,AxelarGateway,False,v0.8.9+commit.e5eed63a,True,solidity,2024-10-12T06:54:09.344083Z,2024-12-03T18:43:08.943703Z
0x11e3B77f397dD66edb323587aEb40ED10Bb6F490,True,True,AxelarGateway,False,v0.8.9+commit.e5eed63a,True,solidity,2024-10-12T06:54:08.379329Z,2024-12-03T18:43:08.943709Z
0x059bbe03B1d6b4E03625Fd05a83aA514F9A9C4D4,True,True,AxelarGateway,False,v0.8.9+commit.e5eed63a,True,solidity,2024-10-12T06:54:00.526704Z,2024-12-03T18:43:08.943714Z
0x6C44875118f409eFBe696498373BC6D9300847cC,True,True,GnosisSafeProxy,False,v0.7.6+commit.7338295f,False,solidity,2024-10-12T02:31:42.052237Z,2024-12-03T18:43:08.943720Z
0xC22834581EbC8527d974F8a1c97E1bEA4EF910BC,True,True,GnosisSafeProxyFactory,False,v0.7.6+commit.7338295f,False,solidity,2024-10-11T22:59:19.581951Z,2024-12-03T18:43:08.943726Z
0x68e5AD88E6F1a2eCcBdD0525371D0BCe8660fE84,True,True,GnosisSafeProxy,False,v0.7.6+commit.7338295f,False,solidity,2024-10-11T21:43:21.331525Z,2024-12-03T18:43:08.943731Z
0x7c58Cadcc2b60ACF794eE1843488d6f5703f76BE,True,True,TransparentUpgradeableProxy,False,v0.8.19+commit.7dd6d404,True,solidity,2024-10-11T18:55:08.682429Z,2024-12-03T18:43:08.943736Z
0xc23BaF5Eb5848D19701BbE7f139645e6bd58a319,True,True,InterchainAccountIsm,False,v0.8.19+commit.7dd6d404,True,solidity,2024-10-11T18:55:01.488387Z,2024-12-03T18:43:08.943742Z
0x376aD181E8cd45eAd5403F78d5A871D08c3c4D77,True,True,InterchainAccountRouter,False,v0.8.19+commit.7dd6d404,True,solidity,2024-10-11T18:54:55.025787Z,2024-12-03T18:43:08.943748Z
0xB315e864Cba1513E2A6f5037E6C1F96E864b0389,True,True,TestRecipient,False,v0.8.19+commit.7dd6d404,False,solidity,2024-10-11T18:54:07.922262Z,2024-12-03T18:43:08.943753Z
0x168DFF0Ad2b180F3801883Fe5Ae56d7E7d91D5f4,True,True,TransparentUpgradeableProxy,False,v0.8.19+commit.7dd6d404,True,solidity,2024-10-11T18:24:12.924810Z,2024-12-03T18:43:08.943758Z
0xf7D882A816D4845BB221Ceb03CE531d1e7645F60,True,True,TestRecipient,False,v0.8.19+commit.7dd6d404,False,solidity,2024-10-11T18:23:46.982634Z,2024-12-03T18:43:08.943763Z
0xE56Da9D48E698eB70F56aeCC0BC25Ff1710EEA76,True,True,StorageGasOracle,False,v0.8.19+commit.7dd6d404,False,solidity,2024-10-11T18:23:31.015206Z,2024-12-03T18:43:08.943768Z
0xb129828B9EDa48192D0B2db35D0E40dCF51B3594,True,True,PausableHook,False,v0.8.19+commit.7dd6d404,False,solidity,2024-10-11T18:23:29.833049Z,2024-12-03T18:43:08.943774Z
0xcd849e612Aaa138f03698C3Edb42a34117BFF631,True,True,FallbackDomainRoutingHook,False,v0.8.19+commit.7dd6d404,True,solidity,2024-10-11T18:23:28.870947Z,2024-12-03T18:43:08.943779Z
0x6f77d5Ef273C38CC19d1d02352785F52565A1A6c,True,True,ValidatorAnnounce,False,v0.8.19+commit.7dd6d404,True,solidity,2024-10-11T18:19:15.648807Z,2024-12-03T18:43:08.943784Z
0xfdefdDc8E153d5E0463d7E193F79A3714be16021,True,True,ProtocolFee,False,v0.8.19+commit.7dd6d404,True,solidity,2024-10-11T18:18:40.647845Z,2024-12-03T18:43:08.943790Z
0x71388C9E25BE7b229B5d17Df7D4DB3F7DA7C962d,True,True,InterchainGasPaymaster,False,v0.8.19+commit.7dd6d404,False,solidity,2024-10-11T18:17:20.924865Z,2024-12-03T18:43:08.943795Z
0x148CF67B8A242c1360bb2C93fCe203EC4d4f9B56,True,True,MerkleTreeHook,False,v0.8.19+commit.7dd6d404,True,solidity,2024-10-11T18:15:32.344128Z,2024-12-03T18:43:08.943800Z
0x3a867fCfFeC2B790970eeBDC9023E75B0a172aa7,True,True,TransparentUpgradeableProxy,False,v0.8.19+commit.7dd6d404,True,solidity,2024-10-11T17:21:59.197283Z,2024-12-03T18:43:08.943805Z
0xeA87ae93Fa0019a82A727bfd3eBd1cFCa8f64f1D,True,True,ProxyAdmin,False,v0.8.19+commit.7dd6d404,False,solidity,2024-10-11T17:19:34.567139Z,2024-12-03T18:43:08.943811Z
0x0761b0827849abbf7b0cC09CE14e1C93D87f5004,True,True,DomainRoutingIsmFactory,False,v0.8.19+commit.7dd6d404,False,solidity,2024-10-11T17:17:23.585152Z,2024-12-03T18:43:08.943815Z
0x1052eF3419f26Bec74Ed7CEf4a4FA6812Bc09908,True,True,StaticAggregationHookFactory,False,v0.8.19+commit.7dd6d404,False,solidity,2024-10-11T17:17:03.887251Z,2024-12-03T18:43:08.943821Z
0xEb9FcFDC9EfDC17c1EC5E1dc085B98485da213D6,True,True,StaticAggregationIsmFactory,False,v0.8.19+commit.7dd6d404,False,solidity,2024-10-11T17:16:45.826738Z,2024-12-03T18:43:08.943826Z
0x2a369e0a05F31Dff22d155aFDFeA8d2C96DB607D,True,True,GnosisSafeProxy,False,v0.7.6+commit.7338295f,False,solidity,2024-10-11T12:23:46.977822Z,2024-12-03T18:43:08.943831Z
0x77474d8EBAAA3f773a3057878C9a3D12Fd0336f6,True,True,MoreVaultsFactory,False,v0.8.21+commit.d9974bed,False,solidity,2024-10-11T05:11:34.357703Z,2024-12-03T18:43:08.943836Z
0xE2dd2f9Eb0Cb8d41Ab3bBDAe0b01d65c3F8202FA,True,True,MoreUupsProxy,False,v0.8.21+commit.d9974bed,True,solidity,2024-10-11T03:09:51.717722Z,2024-12-03T18:43:08.943842Z
0xdCbF587122914FcE40810C10EBA84f4C8Da61c65,True,True,AxelarAuthWeighted,False,v0.8.9+commit.e5eed63a,True,solidity,2024-10-10T19:49:42.689118Z,2024-12-03T18:43:08.943847Z
0x3943f62CCb14C1ccb048d50B3C76fB250Ba47Bb0,True,True,AxelarAmplifierGateway,False,v0.8.23+commit.f704f362,True,solidity,2024-10-10T19:03:58.849519Z,2024-12-03T18:43:08.943852Z
0x6AC32Db517404a9deDe24a7d322EAeFF62F7aD04,True,True,AxelarAuthWeighted,False,v0.8.9+commit.e5eed63a,True,solidity,2024-10-10T18:33:21.059683Z,2024-12-03T18:43:08.943858Z
0xdaF7032D11b60d468d478dEfC5c3da26c79E585A,True,True,AxelarAuthWeighted,False,v0.8.9+commit.e5eed63a,True,solidity,2024-10-10T18:18:04.947359Z,2024-12-03T18:43:08.943863Z
0xfF94d53467234a0d0043fea55ec9D84Eb345EE25,True,True,TransparentUpgradeableProxy,False,v0.8.20+commit.a1b79de6,True,solidity,2024-10-10T18:18:04.081047Z,2024-12-03T18:43:08.943868Z
0xf81262FD13720E5759e9C4A6B0B85dB38758c24b,True,True,AxelarGatewayProxy,False,v0.8.9+commit.e5eed63a,True,solidity,2024-10-10T18:18:02.246523Z,2024-12-03T18:43:08.943873Z
0xdbd08d2Cd36a52D5bCd9cD8F71187201c7d277c4,True,True,AxelarAuthWeighted,False,v0.8.9+commit.e5eed63a,True,solidity,2024-10-10T18:02:42.892001Z,2024-12-03T18:43:08.943878Z
0xdB45e7c8DebEEd4eE961Fa220CC83054C6fcd6cb,True,True,AxelarGatewayProxy,False,v0.8.9+commit.e5eed63a,True,solidity,2024-10-10T18:02:41.139477Z,2024-12-03T18:43:08.943883Z
0xC3F942d20Ff670e114507E36d9F31265391859f0,True,True,AxelarAuthWeighted,False,v0.8.9+commit.e5eed63a,True,solidity,2024-10-10T18:02:36.527450Z,2024-12-03T18:43:08.943888Z
0xBc826C67987Cc982c7f3CB8175C1cdb02Bf2e97C,True,True,AxelarGatewayProxy,False,v0.8.9+commit.e5eed63a,True,solidity,2024-10-10T18:02:34.764537Z,2024-12-03T18:43:08.943893Z
0xa7Fe1BA25f375198867B3cA7CA6BCc8aCdCccE38,True,True,AxelarGatewayProxy,False,v0.8.9+commit.e5eed63a,True,solidity,2024-10-10T18:02:33.083779Z,2024-12-03T18:43:08.943898Z
0x763e51296e3AC7bAA69E2CBC384DBde22E72C327,True,True,AxelarAuthWeighted,False,v0.8.9+commit.e5eed63a,True,solidity,2024-10-10T18:02:30.190784Z,2024-12-03T18:43:08.943924Z
0xff84f0D25CAE37b7924792031968b8D65168662E,True,True,AxelarAuthWeighted,False,v0.8.9+commit.e5eed63a,True,solidity,2024-10-10T18:02:27.132034Z,2024-12-03T18:43:08.943932Z
0xfEadB1A327f2963C7210DaA6800430aEDe006501,True,True,ReservoirErc1155,False,v0.8.17+commit.8df45f5f,False,solidity,2024-10-10T18:02:26.431637Z,2024-12-03T18:43:08.943938Z
0xF7BBEC58106afB1e7A8233d64b759b4C8E81eD1a,True,True,AxelarGatewayProxy,False,v0.8.9+commit.e5eed63a,True,solidity,2024-10-10T17:47:09.352413Z,2024-12-03T18:43:08.943943Z
0xF7656410C805cBE55B141755142714F2E7529C5d,True,True,AxelarAuthWeighted,False,v0.8.9+commit.e5eed63a,True,solidity,2024-10-10T17:47:06.657447Z,2024-12-03T18:43:08.943948Z
0xF08283b33b90dB1A16F77D7136E879B6B4FEc482,True,True,AxelarAuthWeighted,False,v0.8.9+commit.e5eed63a,True,solidity,2024-10-10T17:47:02.501612Z,2024-12-03T18:43:08.943953Z
0xF0477b9334cF94eb63F933d67A980590913E5570,True,True,AxelarAuthWeighted,False,v0.8.9+commit.e5eed63a,True,solidity,2024-10-10T17:31:45.721118Z,2024-12-03T18:43:08.943958Z
0xeD0B0AdB05D35cfe48C1e2a9d68A9f861F64a96c,True,True,SubstanceProxy,False,v0.8.19+commit.7dd6d404,True,solidity,2024-10-10T17:31:38.629177Z,2024-12-03T18:43:08.943963Z
0xEC94A31f70F2AF72a333Ddce33B2eA37012564A9,True,True,FutureManager,False,v0.8.19+commit.7dd6d404,False,solidity,2024-10-10T17:31:37.815403Z,2024-12-03T18:43:08.943969Z
0xebC3fCC3ED902dB4d15D490E29f67cc7aD21F217,True,True,AxelarAuthWeighted,False,v0.8.9+commit.e5eed63a,True,solidity,2024-10-10T17:16:33.582043Z,2024-12-03T18:43:08.943974Z
0xEb095788832355eb57192B2ed78d755b0De6FfbA,True,True,AxelarAuthWeighted,False,v0.8.9+commit.e5eed63a,True,solidity,2024-10-10T17:16:15.268065Z,2024-12-03T18:43:08.943979Z
0xe7c2B80a9de81340AE375B3a53940E9aeEAd79Df,True,True,FlowEVMBridgedERC721Deployer,False,v0.8.24+commit.e11b9ed9,False,solidity,2024-10-10T17:16:13.514262Z,2024-12-03T18:43:08.943984Z
0xE6Dab627DFd4759e978a85A4cc05CD914Bea11b5,True,True,AxelarAuthWeighted,False,v0.8.9+commit.e5eed63a,True,solidity,2024-10-10T17:16:10.903851Z,2024-12-03T18:43:08.943989Z
0xE12Bf7aE03C46f4AEA1868178ec1Af9eE1760DF8,True,True,AxelarGatewayProxy,False,v0.8.9+commit.e5eed63a,True,solidity,2024-10-10T17:16:07.191332Z,2024-12-03T18:43:08.943994Z
0xD9Ab4dC22Af4302fB3ea259Ef1245a780D39fD1B,True,True,AxelarGatewayProxy,False,v0.8.9+commit.e5eed63a,True,solidity,2024-10-10T17:00:54.509394Z,2024-12-03T18:43:08.944000Z
0xD1a91c8Ec67618762f6889649E71B4D15e1a5961,True,True,AxelarGatewayProxy,False,v0.8.9+commit.e5eed63a,True,solidity,2024-10-10T17:00:30.165970Z,2024-12-03T18:43:08.944005Z
0xD02B8D81301195bc6eA01d80DD122D0394F2D921,True,True,AxelarAuthWeighted,False,v0.8.9+commit.e5eed63a,True,solidity,2024-10-10T16:45:09.833292Z,2024-12-03T18:43:08.944011Z
0xcfB3781c4Ee2CF54fCeb71113da97D650505EA70,True,True,AxelarAuthWeighted,False,v0.8.9+commit.e5eed63a,True,solidity,2024-10-10T16:45:07.310549Z,2024-12-03T18:43:08.944016Z
0xcb4401d8D63bCc03615E39dD0036D38F46B24176,True,True,AxelarAuthWeighted,False,v0.8.9+commit.e5eed63a,True,solidity,2024-10-10T16:45:00.871723Z,2024-12-03T18:43:08.944021Z
0xca619D6BB203253CAc0154d6397Aa09B7A494845,True,True,AxelarAuthWeighted,False,v0.8.9+commit.e5eed63a,True,solidity,2024-10-10T16:44:58.106284Z,2024-12-03T18:43:08.944026Z
0xC399F190CB5Da949496381E509346894160edc69,True,True,AxelarGatewayProxy,False,v0.8.9+commit.e5eed63a,True,solidity,2024-10-10T16:29:34.328423Z,2024-12-03T18:43:08.944031Z
0xc38e54EB0C98021c31A4AFd41d52D78e0605FE82,True,True,AxelarGatewayProxy,False,v0.8.9+commit.e5eed63a,True,solidity,2024-10-10T16:29:32.522877Z,2024-12-03T18:43:08.944037Z
0xB71811081156DaD18aee99eed473d02aA69F3c31,True,True,AxelarAuthWeighted,False,v0.8.9+commit.e5eed63a,True,solidity,2024-10-10T16:14:14.465805Z,2024-12-03T18:43:08.944042Z
0xB9A669bEEB4db0aA845d4CE352a5d9683DbF6141,True,True,PriceOracle,False,v0.8.19+commit.7dd6d404,False,solidity,2024-10-10T16:14:05.603875Z,2024-12-03T18:43:08.944047Z
0xaDdBe660dCf8a8bb4c74f366DC1d4A42Dcdc6E93,True,True,AxelarAuthWeighted,False,v0.8.9+commit.e5eed63a,True,solidity,2024-10-10T16:14:01.767855Z,2024-12-03T18:43:08.944053Z
0xB5ADd58879d7975c1F7f51460eBf5Df95cADb055,True,True,AxelarGatewayProxy,False,v0.8.9+commit.e5eed63a,True,solidity,2024-10-10T15:58:50.031767Z,2024-12-03T18:43:08.944058Z
0xB433f98AB4DA08cB8B4E4AEA0E103E0aC26DD283,True,True,AxelarAuthWeighted,False,v0.8.9+commit.e5eed63a,True,solidity,2024-10-10T15:58:47.307399Z,2024-12-03T18:43:08.944063Z
0xb27e5ca259702f209a29225d0eDdC131039C9933,True,True,TokenBridge,False,v0.8.4+commit.c7e474f2,True,solidity,2024-10-10T15:58:47.168812Z,2024-12-03T18:43:08.944068Z
0xaff6528e5dCB21AE0FA4AEf7160Ebcf453003246,True,True,AxelarAuthWeighted,False,v0.8.9+commit.e5eed63a,True,solidity,2024-10-10T15:43:26.698269Z,2024-12-03T18:43:08.944073Z
0xB0e690D6791735Ec15c87E653F13F4112513a516,True,True,AxelarAuthWeighted,False,v0.8.9+commit.e5eed63a,True,solidity,2024-10-10T15:43:24.020738Z,2024-12-03T18:43:08.944079Z
0xaeF1226BF0C368a39bFE46c3C1F02b846498dCa1,True,True,AxelarAuthWeighted,False,v0.8.9+commit.e5eed63a,True,solidity,2024-10-10T15:43:21.436013Z,2024-12-03T18:43:08.944084Z
0xAd19E5EC15CD86c27ba6E54f5Ff5753Fa8b63292,True,True,AxelarGateway,False,v0.8.9+commit.e5eed63a,True,solidity,2024-10-10T15:43:18.974890Z,2024-12-03T18:43:08.944089Z
0xA999D460d26DDf10cA0D923D23E05089794CA5f9,True,True,AxelarAuthWeighted,False,v0.8.9+commit.e5eed63a,True,solidity,2024-10-10T15:43:15.952550Z,2024-12-03T18:43:08.944094Z
0xA97bA583f11A2948Ad0Ca4F9cb598bd478FcB240,True,True,AxelarGatewayProxy,False,v0.8.9+commit.e5eed63a,True,solidity,2024-10-10T15:43:14.180649Z,2024-12-03T18:43:08.944099Z
0xA5e15BA0a34dF26e3BfF48a9587F72B34e1412ee,True,True,AxelarGatewayProxy,False,v0.8.9+commit.e5eed63a,True,solidity,2024-10-10T15:27:55.453604Z,2024-12-03T18:43:08.944104Z
0xa338Cf2426ccb5754351684EB98Fcf10d4893Cf6,True,True,DelegationHub,False,v0.8.19+commit.7dd6d404,False,solidity,2024-10-10T15:27:37.499639Z,2024-12-03T18:43:08.944109Z
0xA0f58E5f59E0b466A7c328D75ef07e5A64E64B73,True,True,AxelarAuthWeighted,False,v0.8.9+commit.e5eed63a,True,solidity,2024-10-10T15:27:34.034692Z,2024-12-03T18:43:08.944114Z
0xa025Ab6A0931d797989FD5AE40B1DC8d0c5Ab561,True,True,AxelarGatewayProxy,False,v0.8.9+commit.e5eed63a,True,solidity,2024-10-10T15:12:10.426804Z,2024-12-03T18:43:08.944120Z
0x9f903cb003142C8b09d9C305652c70F7849E5863,True,True,TransparentUpgradeableProxy,False,v0.8.20+commit.a1b79de6,True,solidity,2024-10-10T15:12:10.293379Z,2024-12-03T18:43:08.944125Z
0x9B35d37a8ebCb1d744ADdEC47CA2a939e811B638,True,True,AxelarAuthWeighted,False,v0.8.9+commit.e5eed63a,True,solidity,2024-10-10T15:12:07.546857Z,2024-12-03T18:43:08.944130Z
0x9A99cEc3Ba8a45fd07185862fdd7D2e984497baE,True,True,AxelarAuthWeighted,False,v0.8.9+commit.e5eed63a,True,solidity,2024-10-10T15:12:04.890521Z,2024-12-03T18:43:08.944135Z
0x9a61d70FF1c1F038f57d35f527E849632595299C,True,True,AxelarGatewayProxy,False,v0.8.9+commit.e5eed63a,True,solidity,2024-10-10T15:12:03.106202Z,2024-12-03T18:43:08.944140Z
0x92445994ac7F18420819B8230592F5ABa9A24cFd,True,True,SubstanceProxy,False,v0.8.19+commit.7dd6d404,True,solidity,2024-10-10T15:11:57.630437Z,2024-12-03T18:43:08.944145Z
0x91918B6B2f3DB9118E8417BD4b52a73F936ae85C,True,True,AxelarGatewayProxy,False,v0.8.9+commit.e5eed63a,True,solidity,2024-10-10T15:11:55.775744Z,2024-12-03T18:43:08.944151Z
0x8FDEc2058535A2Cb25C2f8ceC65e8e0D0691f7B0,True,True,FlowBridgeDeploymentRegistry,False,v0.8.24+commit.e11b9ed9,False,solidity,2024-10-10T15:11:54.980633Z,2024-12-03T18:43:08.944156Z
0xA21e6Ede3DaA0178BB4A992eE4F38256D6B855a6,True,True,ConstAddressDeployer,False,v0.8.9+commit.e5eed63a,False,solidity,2024-10-10T14:56:26.483089Z,2024-12-03T18:43:08.944162Z
0x8D25C403b463802913b1b7d590eA4333f79b667E,True,True,AxelarGateway,False,v0.8.9+commit.e5eed63a,True,solidity,2024-10-10T14:56:25.838535Z,2024-12-03T18:43:08.944167Z
0x8ba448989F85FD758f55d2bB1AafCff78ac55231,True,True,AxelarGatewayProxy,False,v0.8.9+commit.e5eed63a,True,solidity,2024-10-10T14:56:22.647008Z,2024-12-03T18:43:08.944190Z
0x88cCE9Fd39bc38057B3bf058af5186635C43eD92,True,True,AxelarAuthWeighted,False,v0.8.9+commit.e5eed63a,True,solidity,2024-10-10T14:56:19.815959Z,2024-12-03T18:43:08.944199Z
0x8639254Fb53ED54d32D28e8449D4abb46C5F9aaC,True,True,AxelarGatewayProxy,False,v0.8.9+commit.e5eed63a,True,solidity,2024-10-10T14:56:18.103200Z,2024-12-03T18:43:08.944205Z
0x8584930CA6Cd80A7083b9fe03E87b7b539d124c2,True,True,AxelarGatewayProxy,False,v0.8.9+commit.e5eed63a,True,solidity,2024-10-10T14:56:17.018296Z,2024-12-03T18:43:08.944210Z
0x84c1e63807CDa408BC76Cae41ECD8E34FC5B7D06,True,True,AxelarGatewayProxy,False,v0.8.9+commit.e5eed63a,True,solidity,2024-10-10T14:56:15.345754Z,2024-12-03T18:43:08.944215Z
0x82E40A11B3E6ff12f63F152dfc0febF816037D2b,True,True,AxelarGateway,False,v0.8.9+commit.e5eed63a,True,solidity,2024-10-10T14:56:06.201117Z,2024-12-03T18:43:08.944220Z
0x82B608e13de1Da75901a480C078C7aeDf063f3B1,True,True,AxelarAuthWeighted,False,v0.8.9+commit.e5eed63a,True,solidity,2024-10-10T14:56:03.576079Z,2024-12-03T18:43:08.944225Z
0x7Af325203b275faf1e3d679289CD75a3f59aAdFf,True,True,FutureConfig,False,v0.8.19+commit.7dd6d404,False,solidity,2024-10-10T14:40:50.260110Z,2024-12-03T18:43:08.944230Z
0x8077fc5802a395652c2a91A238a3893D06fAd1f4,True,True,AxelarAuthWeighted,False,v0.8.9+commit.e5eed63a,True,solidity,2024-10-10T14:40:36.110628Z,2024-12-03T18:43:08.944235Z
0x7dFf08491a5D75273A6672b0d65eAfCb9b52ffa9,True,True,AxelarGatewayProxy,False,v0.8.9+commit.e5eed63a,True,solidity,2024-10-10T14:40:34.274524Z,2024-12-03T18:43:08.944240Z
0x7C94f7dC22a6065CCdE2BA6340cAaAF98cA993Af,True,True,AxelarGatewayProxy,False,v0.8.9+commit.e5eed63a,True,solidity,2024-10-10T14:40:32.604784Z,2024-12-03T18:43:08.944245Z
0x76e66d278f3603BcD3BC192e0569E65bF5c187b6,True,True,AxelarGatewayProxy,False,v0.8.9+commit.e5eed63a,True,solidity,2024-10-10T14:40:26.711858Z,2024-12-03T18:43:08.944250Z
0x738CC108EB88917812E5116552232C34d5BF46c6,True,True,AxelarGatewayProxy,False,v0.8.9+commit.e5eed63a,True,solidity,2024-10-10T14:25:14.402951Z,2024-12-03T18:43:08.944255Z
0x7009008F1E748eE6EF382CBAc7CA752C114C024B,True,True,AxelarAuthWeighted,False,v0.8.9+commit.e5eed63a,True,solidity,2024-10-10T14:25:11.768017Z,2024-12-03T18:43:08.944260Z
0x7005C26c429CD7C600d068e59804Cd56394DE572,True,True,AxelarAuthWeighted,False,v0.8.9+commit.e5eed63a,True,solidity,2024-10-10T14:25:09.198436Z,2024-12-03T18:43:08.944265Z
0x6E82881aE792808D5Ff1E7486BFFd4b27f825297,True,True,CertificateToken,False,v0.8.16+commit.07a7930e,False,solidity,2024-10-10T14:25:01.527736Z,2024-12-03T18:43:08.944270Z
0x6E3A2a644eeDCf6007d3c7d85F0094Cc1B25B2AE,True,True,ReceiverImplementation,False,v0.8.4+commit.c7e474f2,False,solidity,2024-10-10T14:25:00.695168Z,2024-12-03T18:43:08.944276Z
0x6C000776979075DF04C99928FE9Dcf4036B3d942,True,True,SubstanceProxy,False,v0.8.19+commit.7dd6d404,True,solidity,2024-10-10T14:24:57.035205Z,2024-12-03T18:43:08.944281Z
0x6b0E7f73181270f15a88C37eae588D448d25397C,True,True,StopOrder,False,v0.8.19+commit.7dd6d404,False,solidity,2024-10-10T14:09:48.520617Z,2024-12-03T18:43:08.944287Z
0x69A879C119327563Ed350238ACAd6C38EF423F71,True,True,AxelarGatewayProxy,False,v0.8.9+commit.e5eed63a,True,solidity,2024-10-10T14:09:46.699005Z,2024-12-03T18:43:08.944292Z
0x67FC0efb3B16032C0413A48dBc2491657257b8Ef,True,True,FutureManager,False,v0.8.19+commit.7dd6d404,False,solidity,2024-10-10T14:09:44.589156Z,2024-12-03T18:43:08.944297Z
0x67833ad84a7BD7913eFE195522261A15D73a2826,True,True,TransparentUpgradeableProxy,False,v0.8.20+commit.a1b79de6,True,solidity,2024-10-10T14:09:43.520322Z,2024-12-03T18:43:08.944302Z
0x670503c737783e2B05d83Ec758a1AcFC0497e7f0,True,True,AxelarGatewayProxy,False,v0.8.9+commit.e5eed63a,True,solidity,2024-10-10T14:09:42.603319Z,2024-12-03T18:43:08.944307Z
0x655fbFF6C7c0852c0125b7D3Ed114aF5985D017d,True,True,AxelarAuthWeighted,False,v0.8.9+commit.e5eed63a,True,solidity,2024-10-10T14:09:37.858431Z,2024-12-03T18:43:08.944312Z
0x622B2932c1d04493909E0C4D2363E8cC44ad3EF1,True,True,AxelarAuthWeighted,False,v0.8.9+commit.e5eed63a,True,solidity,2024-10-10T14:09:35.906503Z,2024-12-03T18:43:08.944317Z
0x544bC63D4bcAE304bEDE8Db260bD32DEa1717964,True,True,CertificateToken,False,v0.8.16+commit.07a7930e,False,solidity,2024-10-10T09:21:54.558989Z,2024-12-03T18:43:08.944323Z
0xa6578c61D79524c0D5c20169822ea33178aFD2Fd,True,True,EarnConfig,False,v0.8.16+commit.07a7930e,False,solidity,2024-10-10T09:21:25.554238Z,2024-12-03T18:43:08.944328Z
0xD812aB5EB22425749a972450f5E5cb8BD82cb4e4,True,True,FlowStakingPool,False,v0.8.16+commit.07a7930e,False,solidity,2024-10-10T09:19:54.607748Z,2024-12-03T18:43:08.944334Z
0x837D507bEBf483C636E8b56233BE94FcE05E3655,True,True,SimpleCounter,False,v0.8.20+commit.a1b79de6,False,solidity,2024-10-10T07:55:22.689059Z,2024-12-03T18:43:08.944352Z
0xE27C1359cf02B49acC6474311Bd79d1f10b1f8De,True,True,EIP173ProxyWithReceive,False,v0.8.20+commit.a1b79de6,False,solidity,2024-10-10T07:53:44.642115Z,2024-12-03T18:43:08.944359Z
0x9A51492cd20802c11F27816E47935C7643f66805,True,True,EIP173ProxyWithReceive,False,v0.8.20+commit.a1b79de6,False,solidity,2024-10-10T07:52:16.267717Z,2024-12-03T18:43:08.944365Z
0xc1C1481feA41555BB51aaAD3B956dC9719A265d3,True,True,ProxyAdmin,False,v0.8.20+commit.a1b79de6,False,solidity,2024-10-09T13:14:19.144538Z,2024-12-03T18:43:08.944370Z
0xaCdBaAC6707c7e28ac1A15007f22Aac1188910d7,True,True,GnosisSafeProxy,False,v0.7.6+commit.7338295f,False,solidity,2024-10-09T12:41:18.447581Z,2024-12-03T18:43:08.944376Z
0x2921FddFfc8e95Cb00e17F60c99c2dd4467C237A,True,True,NFTFactory,False,v0.8.24+commit.e11b9ed9,False,solidity,2024-10-09T09:08:08.266169Z,2024-12-03T18:43:08.944381Z
0xd7932F0EEf69F0DB89eA06aa9400986ed570984f,True,True,ERC721Drop,False,v0.8.24+commit.e11b9ed9,False,solidity,2024-10-09T09:07:53.398111Z,2024-12-03T18:43:08.944386Z
0x0A941aaaD58043E8D00EC6399f940591FeC1A655,True,True,ERC1155Drop,False,v0.8.24+commit.e11b9ed9,False,solidity,2024-10-09T09:07:29.683659Z,2024-12-03T18:43:08.944391Z
0xA2aa501b19aff244D90cc15a4Cf739D2725B5729,True,True,PythUpgradable,False,v0.8.4+commit.c7e474f2,False,solidity,2024-10-09T05:13:42.031952Z,2024-12-03T18:43:08.944396Z
0x1108Bb13B3D1d4491c39b9575d03Dc81E8644dc3,True,True,SubstanceProxy,False,v0.8.19+commit.7dd6d404,True,solidity,2024-10-09T01:23:16.690605Z,2024-12-03T18:43:08.944401Z
0x592309A2F9d8c720affeb962CaB29CcBC42b3A1E,True,True,SubstanceProxy,False,v0.8.19+commit.7dd6d404,True,solidity,2024-10-06T20:11:05.911363Z,2024-12-03T18:43:08.944406Z
0xC87655CEc4f40bE95A0ba81d44Cc8343bB5631be,True,True,TransparentUpgradeableProxy,False,v0.8.20+commit.a1b79de6,True,solidity,2024-10-05T19:06:48.600157Z,2024-12-03T18:43:08.944411Z
0xcA11bde05977b3631167028862bE2a173976CA11,True,True,Multicall3,False,v0.8.12+commit.f00d7308,False,solidity,2024-10-04T06:01:24.493217Z,2024-12-03T18:43:08.944417Z
0xE454aD44efe310Fc893d919C2b1C0ea06893Efb6,True,True,MultiRewards,False,v0.8.20+commit.a1b79de6,False,solidity,2024-10-02T16:13:43.505777Z,2024-12-03T18:43:08.944422Z
0xfFDf8d53c737b91423D66cb558B2d15bf6D17f94,True,True,MultiRewardsFactory,False,v0.8.20+commit.a1b79de6,True,solidity,2024-10-02T00:04:59.963995Z,2024-12-03T18:43:08.944427Z
0xc39e55eDc76507954bAB31d6445585f74295427E,True,True,MoreVaults,False,v0.8.21+commit.d9974bed,False,solidity,2024-10-01T21:06:10.466980Z,2024-12-03T18:43:08.944432Z
0x9c2CE59eCC6930fFd12bE4944B482df008486D7f,True,True,AprFeed,False,v0.8.21+commit.d9974bed,True,solidity,2024-10-01T20:53:52.802205Z,2024-12-03T18:43:08.944438Z
0x1f474e384712cA7EC0dEE3cD9E4c3905dC8beA18,True,True,MoreBundler,False,v0.8.21+commit.d9974bed,True,solidity,2024-10-01T20:50:14.169868Z,2024-12-03T18:43:08.944443Z
0xd33C4624D6b0c71b689A7bD78496a9C6A5486e3E,True,True,ProxyAdmin,False,v0.8.21+commit.d9974bed,False,solidity,2024-10-01T20:44:11.206633Z,2024-12-03T18:43:08.944448Z
0x4B447E14Ee051522BDe18c6827A5a47B2D29293f,True,True,MoreUupsProxy,False,v0.8.21+commit.d9974bed,True,solidity,2024-10-01T20:16:27.701924Z,2024-12-03T18:43:08.944453Z
0x371fb59240BDF4f1Cc1B7DbBbFD3dC59F66caa6E,True,True,MoreVaultsFactory,False,v0.8.21+commit.d9974bed,False,solidity,2024-10-01T20:16:12.396810Z,2024-12-03T18:43:08.944479Z
0x2b2f402ba3Fb80Ba3a3F270612002dc828A44344,True,True,MoreVaults,False,v0.8.21+commit.d9974bed,False,solidity,2024-10-01T20:16:04.642090Z,2024-12-03T18:43:08.944488Z
0x261D57AAa33EB213f10edb844552bcc6c3e06dFe,True,True,AdaptiveCurveIrm,False,v0.8.21+commit.d9974bed,True,solidity,2024-10-01T20:07:16.153466Z,2024-12-03T18:43:08.944494Z
0x94A2a9202EFf6422ab80B6338d41c89014E5DD72,True,True,TransparentUpgradeableProxy,False,v0.8.21+commit.d9974bed,True,solidity,2024-10-01T20:06:56.568958Z,2024-12-03T18:43:08.944499Z
0xF95031b9A6847a570FdE8297698cfAdeB7cB393F,True,True,MoreMarkets,False,v0.8.21+commit.d9974bed,False,solidity,2024-10-01T20:06:51.014707Z,2024-12-03T18:43:08.944504Z
0x2C5327ecad565f294637E06F0EC1067E21FC0b5a,True,True,MintifyModule,False,v0.8.17+commit.8df45f5f,False,solidity,2024-10-01T18:46:09.459940Z,2024-12-03T18:43:08.944509Z
0x75fE8d12098897641E2cA50a9801282aF2aF5109,True,True,MoreBundler,False,v0.8.21+commit.d9974bed,True,solidity,2024-10-01T13:52:00.768125Z,2024-12-03T18:43:08.944514Z
0x2ce0a0Ac76F9e4Ab49ff0370516D4b23bE7AE46d,True,True,Permit2,False,v0.8.17+commit.8df45f5f,False,solidity,2024-10-01T13:44:43.418405Z,2024-12-03T18:43:08.944519Z
0x0a4224D61A53932C920F673fE6c4B70Fb0D54345,True,True,PythAggregatorV3,False,v0.8.21+commit.d9974bed,True,solidity,2024-10-01T13:35:14.388377Z,2024-12-03T18:43:08.944525Z
0x9A18ACa9Ef80fAe4Df122A1D524A234fd50aD7a0,True,True,ProxyAdmin,False,v0.8.21+commit.d9974bed,False,solidity,2024-10-01T12:15:19.672213Z,2024-12-03T18:43:08.944530Z
0x3406E375D3312239Dc0B476a6A0E31fF2D8D3970,True,True,AprFeed,False,v0.8.21+commit.d9974bed,True,solidity,2024-10-01T10:57:56.504083Z,2024-12-03T18:43:08.944535Z
0x266340Dc2bDDCc7D37B1d19412a67e445b6D0E5a,True,True,AprFeed,False,v0.8.21+commit.d9974bed,True,solidity,2024-10-01T10:38:29.140895Z,2024-12-03T18:43:08.944540Z
0xf06163Cdf326D6F4f3fBBd709C33bFba4F401226,True,True,AprFeed,False,v0.8.21+commit.d9974bed,True,solidity,2024-10-01T10:30:43.336548Z,2024-12-03T18:43:08.944545Z
0x8358d18E99F44E39ea90339c4d6E8C36101f8161,True,True,Multicall3,False,v0.8.21+commit.d9974bed,False,solidity,2024-10-01T09:26:35.523867Z,2024-12-03T18:43:08.944550Z
0x140c5B59aCca5820F670C5233A03baFc30F17428,True,True,MorphoChainlinkOracleV2Factory,False,v0.8.21+commit.d9974bed,False,solidity,2024-10-01T07:25:39.677685Z,2024-12-03T18:43:08.944555Z
0x86961C1B9a5faF060D7CB7624551E00f53791718,True,True,MoreVaults,False,v0.8.21+commit.d9974bed,False,solidity,2024-10-01T07:06:04.558932Z,2024-12-03T18:43:08.944560Z
0x6712545A0d1d8595D1045Ea18f2f386ffcA7CA90,True,True,MintifyFlowKeys,False,v0.8.27+commit.40a35a09,False,solidity,2024-09-30T21:51:37.169248Z,2024-12-03T18:43:08.944565Z
0x09D6000a04370f0F25907383E16aFc3b44FF5322,True,True,MultiRewardsFactory,False,v0.8.20+commit.a1b79de6,True,solidity,2024-09-30T19:08:31.916712Z,2024-12-03T18:43:08.944570Z
0xD9D6D465Ab80C969983c8c2ECAd62a84d5D2dd0D,True,True,MoreBundler,False,v0.8.21+commit.d9974bed,True,solidity,2024-09-30T15:21:12.821665Z,2024-12-03T18:43:08.944576Z
0xB09baEC4B6075aeFB7E576e2F4709755Bc49e298,True,True,MoreUupsProxy,False,v0.8.21+commit.d9974bed,True,solidity,2024-09-30T14:48:42.210143Z,2024-12-03T18:43:08.944581Z
0xfbA2ee8ffe82f7d539ea8c4fa0D9b3a76A2977ad,True,True,MoreVaultsFactory,False,v0.8.21+commit.d9974bed,False,solidity,2024-09-30T14:46:36.539767Z,2024-12-03T18:43:08.944586Z
0xA37BA19A252924a294A6e451548Ad09634c83EcB,True,True,MoreVaults,False,v0.8.21+commit.d9974bed,False,solidity,2024-09-30T14:44:42.855788Z,2024-12-03T18:43:08.944591Z
0x130bAC60fae5bB5936D23cbf12472E09183744ec,True,True,MoreVaults,False,v0.8.21+commit.d9974bed,False,solidity,2024-09-30T14:39:17.077116Z,2024-12-03T18:43:08.944597Z
0xc35964fd5656F46ce8705A7FEeb201dc6dfb2fCf,True,True,AdaptiveCurveIrm,False,v0.8.21+commit.d9974bed,True,solidity,2024-09-30T13:37:55.246328Z,2024-12-03T18:43:08.944602Z
0xC5aB0dA655760825c0b2746D9b865892B8A117Dc,True,True,MorphoChainlinkOracleV2,False,v0.8.21+commit.d9974bed,False,solidity,2024-09-30T13:37:42.601231Z,2024-12-03T18:43:08.944608Z
0x878Fcd47982aD589A527C1B670Ba39fA6e1733Fb,True,True,TransparentUpgradeableProxy,False,v0.8.21+commit.d9974bed,True,solidity,2024-09-30T13:35:56.354978Z,2024-12-03T18:43:08.944613Z
0x20b5Fc2EE4f9E01a05Bc6D64B02b7ddd8B86d4B7,True,True,MoreMarkets,False,v0.8.21+commit.d9974bed,False,solidity,2024-09-30T13:34:02.274071Z,2024-12-03T18:43:08.944619Z
0xd6edE985Bc935BB09F9F4d58910Cd77b2B376cf7,True,True,ProxyAdmin,False,v0.8.21+commit.d9974bed,False,solidity,2024-09-30T13:28:24.340002Z,2024-12-03T18:43:08.944624Z
0x91C7282eE68efbBc3451f6b49f271E011986074A,True,True,AdaptiveCurveIrm,False,v0.8.21+commit.d9974bed,True,solidity,2024-09-30T13:26:07.971040Z,2024-12-03T18:43:08.944629Z
0xEE2e86c31B52FD6Fa94CaA9193756aE2261beA2E,True,True,TransparentUpgradeableProxy,False,v0.8.21+commit.d9974bed,True,solidity,2024-09-30T13:24:23.025803Z,2024-12-03T18:43:08.944634Z
0x0F004F04A7d4B25e94E7d272ea2e807Cb41D561b,True,True,MoreMarkets,False,v0.8.21+commit.d9974bed,False,solidity,2024-09-30T13:22:34.199025Z,2024-12-03T18:43:08.944639Z
0xCdAfc310996123698230C5F6b06e285551277739,True,True,ProxyAdmin,False,v0.8.21+commit.d9974bed,True,solidity,2024-09-30T13:20:34.166191Z,2024-12-03T18:43:08.944644Z
0xA363e8627b5b4A5DC1cf6b5f228665C5CafF770f,True,True,MorphoChainlinkOracleV2,False,v0.8.21+commit.d9974bed,False,solidity,2024-09-30T13:04:01.402982Z,2024-12-03T18:43:08.944649Z
0xA787422E22E4722d2052eaC8ab967A8e32f30bc2,True,True,AnkrRatioFeedWrapper,False,v0.8.21+commit.d9974bed,True,solidity,2024-09-30T12:20:00.876090Z,2024-12-03T18:43:08.944655Z
0x65070537ff35d2eaa1CB57D36f5Eab90916388A0,True,True,MorphoChainlinkOracleV2Factory,False,v0.8.21+commit.d9974bed,False,solidity,2024-09-30T12:12:42.348898Z,2024-12-03T18:43:08.944660Z
0x182737A12A870Ae49A42DF78a79f44159AeB7953,True,True,ProxyAdmin,False,v0.8.20+commit.a1b79de6,False,solidity,2024-09-30T12:04:04.159487Z,2024-12-03T18:43:08.944665Z
0x0c0932993Cd1Ef44a6C3EC789D7FC74Eb2BC34C9,True,True,AnkrRatioFeedWrapper,False,v0.8.21+commit.d9974bed,True,solidity,2024-09-30T12:02:52.160192Z,2024-12-03T18:43:08.944670Z
0x4874247Dd5EfF278aa8b966F8f4f42314515960b,True,True,AnkrRatioFeed,False,v0.8.16+commit.07a7930e,False,solidity,2024-09-30T08:49:48.208984Z,2024-12-03T18:43:08.944675Z
0x32015e1Bd4bAAC9b959b100B0ca253BD131dE38F,True,True,TransparentUpgradeableProxy,False,v0.8.20+commit.a1b79de6,True,solidity,2024-09-30T08:16:43.493636Z,2024-12-03T18:43:08.944680Z
0xd61D717B5705428A22fd221d85465D8f3ab49E91,True,True,FutureLong,False,v0.8.19+commit.7dd6d404,False,solidity,2024-09-29T09:22:00.966205Z,2024-12-03T18:43:08.944685Z
0xEFf11bC8E363B5e37FA0fe7A1f98d0FDCb1CA840,True,True,LimitOrder,False,v0.8.19+commit.7dd6d404,False,solidity,2024-09-29T09:22:00.686050Z,2024-12-03T18:43:08.944691Z
0xf0b0c9324794248954431C9AB561a6590487c531,True,True,Trado Perpetual Liquidity Provider,False,v0.8.19+commit.7dd6d404,True,solidity,2024-09-29T09:22:00.072989Z,2024-12-03T18:43:08.944696Z
0x3C3Ae736aE9c76307682627B87D8e0A0006F524b,True,True,SubstanceProxy,False,v0.8.19+commit.7dd6d404,True,solidity,2024-09-29T09:21:59.781982Z,2024-12-03T18:43:08.944701Z
0x3D3138E463D7dC4CB8622A53A8d46C0600931fc4,True,True,SubstanceProxy,False,v0.8.19+commit.7dd6d404,True,solidity,2024-09-29T09:21:59.565973Z,2024-12-03T18:43:08.944707Z
0xDf68d8781d64bC934C0be4095772eA8b2114FcAa,True,True,DelegationHub,False,v0.8.19+commit.7dd6d404,False,solidity,2024-09-29T09:21:42.838444Z,2024-12-03T18:43:08.944711Z
0xA47b3425Eb94d464e4185B697eF345db37b6C194,True,True,MarketOrder,False,v0.8.19+commit.7dd6d404,False,solidity,2024-09-29T09:21:42.770762Z,2024-12-03T18:43:08.944716Z
0x37116988bCfaD8bc54f671950F2b1561CF030F96,True,True,SubstanceProxy,False,v0.8.19+commit.7dd6d404,True,solidity,2024-09-29T09:21:41.679629Z,2024-12-03T18:43:08.944721Z
0x841ce48F9446C8E281D3F1444cB859b4A6D0738C,True,True,Bridge,False,v0.8.17+commit.8df45f5f,False,solidity,2024-09-27T14:57:25.494115Z,2024-12-03T18:43:08.944746Z
0x6De33698e9e9b787e09d3Bd7771ef63557E148bb,True,True,ProxyAdmin,False,v0.8.10+commit.fc410830,True,solidity,2024-09-27T13:31:58.758518Z,2024-12-03T18:43:08.944754Z
0x6CEBbbbF370897eC4eD9e72cE34Db4659A40F3EA,True,True,CredoraMetrics,False,v0.8.26+commit.8a97fa7a,True,solidity,2024-09-26T15:43:58.482558Z,2024-12-03T18:43:08.944760Z
0x29306A367e1185BbC2a8E92A54a33c0B52350564,True,True,SchemaRegistry,False,v0.8.26+commit.8a97fa7a,False,solidity,2024-09-26T15:42:09.380864Z,2024-12-03T18:43:08.944765Z
0xaE1FE16a4A0f4d798d6868872Eb99Ae22b8c9B09,True,True,EAS,False,v0.8.26+commit.8a97fa7a,True,solidity,2024-09-26T15:41:44.190417Z,2024-12-03T18:43:08.944771Z
0x6ef7877eB29949233e296Ffab02dfab578E5a0dB,True,True,CredoraMetrics,False,v0.8.26+commit.8a97fa7a,True,solidity,2024-09-26T15:37:59.905727Z,2024-12-03T18:43:08.944776Z
0x3EF68D3f7664b2805D4E88381b64868a56f88bC4,True,True,Swap,False,v0.8.4+commit.c7e474f2,True,solidity,2024-09-26T12:34:17.247301Z,2024-12-03T18:43:08.944781Z
0x73BC0c887E763aBD9DDCF83ce5360bB723605AF0,True,True,CredoraMetrics,False,v0.8.26+commit.8a97fa7a,True,solidity,2024-09-26T10:47:19.470064Z,2024-12-03T18:43:08.944786Z
0x8af8F04aAe75F2638E7012c4fBF48Cb5F8119484,True,True,CredoraMetrics,False,v0.8.26+commit.8a97fa7a,True,solidity,2024-09-26T10:24:50.075272Z,2024-12-03T18:43:08.944791Z
0xFB0256Be87ae0a7E2134e4B7831B222F03bD2818,True,True,CredoraMetrics,False,v0.8.26+commit.8a97fa7a,True,solidity,2024-09-26T10:09:38.620969Z,2024-12-03T18:43:08.944796Z
0x6Fe2e1A43AE9e27EBdFC8D672765517737D6c61e,True,True,iZiSwapPool,False,v0.8.4+commit.c7e474f2,False,solidity,2024-09-26T09:09:11.829999Z,2024-12-03T18:43:08.944801Z
0x3219b81EF5af1dCEb742C9BEFD2dF618A3376fAB,True,True,SubstanceProxy,False,v0.8.19+commit.7dd6d404,True,solidity,2024-09-26T05:49:36.461774Z,2024-12-03T18:43:08.944806Z
0xAeBE92ebc1a67F810Cb35fdcdA6398f6136DCD50,True,True,Trado Perpetual USD,False,v0.8.19+commit.7dd6d404,True,solidity,2024-09-25T19:10:53.918523Z,2024-12-03T18:43:08.944811Z
0x9C7Efd8ecD7C5e8b51a3833F6FB67c6E2F4f4a9B,True,True,Froth,False,v0.8.20+commit.a1b79de6,True,solidity,2024-09-24T07:14:49.061625Z,2024-12-03T18:43:08.944816Z
0x9484A31F51108F095fcd7Aa2bB8d22340d20C422,True,True,ReservoirErc721,False,v0.8.17+commit.8df45f5f,False,solidity,2024-09-23T16:11:19.811839Z,2024-12-03T18:43:08.944821Z
0x2880aB155794e7179c9eE2e38200202908C17B43,True,True,ERC1967Proxy,False,v0.8.4+commit.c7e474f2,True,solidity,2024-09-23T12:55:13.166439Z,2024-12-03T18:43:08.944826Z
0x0723bf470eC8B8b33E8107AAa02e2791410078Bf,True,True,SubstanceProxy,False,v0.8.19+commit.7dd6d404,True,solidity,2024-09-23T11:38:59.251720Z,2024-12-03T18:43:08.944832Z
0xA82f15927804c957daf905b1327109E8c4Ee4cE3,True,True,MayBee,False,v0.8.25+commit.b61c2a91,False,solidity,2024-09-21T23:41:42.669315Z,2024-12-03T18:43:08.944837Z
0x18003B73729Fd67BBAbDB36d3D0CA5fE07BcE489,True,True,MayBee,False,v0.8.25+commit.b61c2a91,False,solidity,2024-09-21T21:17:54.530280Z,2024-12-03T18:43:08.944842Z
0xD934cc0bA7F8f25Efb70E232ef87aA3C53e23A3d,True,True,WFLOW,False,v0.8.24+commit.e11b9ed9,False,solidity,2024-09-21T05:59:18.856300Z,2024-12-03T18:43:08.944846Z
0x1C6dEa788Ee774CF15bCd3d7A07ede892ef0bE40,True,True,FlowBridgeFactory,False,v0.8.24+commit.e11b9ed9,False,solidity,2024-09-20T12:53:46.556699Z,2024-12-03T18:43:08.944851Z
0x3795C36e7D12A8c252A20C5a7B455f7c57b60283,True,True,FiatTokenV2_2,False,v0.6.12+commit.27d51765,False,solidity,2024-09-20T05:46:49.547185Z,2024-12-03T18:43:08.944856Z
0x8d50a024B2F5593605d3cE8183Ca8969226Fcbf8,True,True,CircleBridgeToken,False,v0.8.17+commit.8df45f5f,True,solidity,2024-09-20T05:20:18.651381Z,2024-12-03T18:43:08.944861Z
0xBB7684Cc5408F4DD0921E5c2Cadd547b8f1AD573,True,True,PeggedTokenBridgeV2,False,v0.8.17+commit.8df45f5f,True,solidity,2024-09-20T05:18:57.547635Z,2024-12-03T18:43:08.944867Z
0xFE8189A3016cb6A3668b8ccdAC520CE572D4287a,True,True,TransparentUpgradeableProxy,False,v0.8.20+commit.a1b79de6,True,solidity,2024-09-19T08:09:54.056748Z,2024-12-03T18:43:08.944872Z
0xd6Fd021662B83bb1aAbC2006583A62Ad2Efb8d4A,True,True,Ankr Reward Earning FLOW EVM,False,v0.8.20+commit.a1b79de6,True,solidity,2024-09-19T08:09:54.056457Z,2024-12-03T18:43:08.944877Z
0x1b97100eA1D7126C4d60027e231EA4CB25314bdb,True,True,TransparentUpgradeableProxy,False,v0.8.20+commit.a1b79de6,True,solidity,2024-09-19T08:09:53.933254Z,2024-12-03T18:43:08.944883Z
0x29372c22459a4e373851798bFd6808e71EA34A71,True,True,PunchSwapV2Factory,False,v0.8.21+commit.d9974bed,True,solidity,2024-09-18T13:13:28.746271Z,2024-12-03T18:43:08.944888Z
0xf45AFe28fd5519d5f8C1d4787a4D5f724C0eFa4d,True,True,PunchSwapV2Router02,False,v0.8.21+commit.d9974bed,True,solidity,2024-09-18T12:23:22.504941Z,2024-12-03T18:43:08.944893Z
0x7f27352D5F83Db87a5A3E00f4B07Cc2138D8ee52,True,True,Bridged USDC (Celer),False,v0.6.12+commit.27d51765,True,solidity,2024-09-18T03:41:43.018134Z,2024-12-03T18:43:08.944898Z
0xd3bF53DAC106A0290B0483EcBC89d40FcC961f3e,True,True,WETH9,False,v0.4.22+commit.4cb486ee,False,solidity,2024-09-17T22:43:54.287210Z,2024-12-03T18:43:08.944904Z
